Workbook

Sheet 1. Phân bổ Ngân sách
A1: MÔ HÌNH PHÂN BỔ NGÂN SÁCH HOẠT ĐỘNG - NGUỒN VỐN NGHIÊNG COMPLEX
A3: 1. GIẢ ĐỊNH CHUNG (INPUT CÓ THỂ THAY ĐỔI) | J3: 3. CƠ CHẾ PHÂN BỔ QUỸ LEADER TEAM
A4: Doanh thu Hợp đồng giả định (Doanh số hệ thống): | C4: 5000000000
A5: Tỷ lệ Ngân sách Hoạt động thực tế: | C5: 0.15 | J5: Quỹ Leader Team khả dụng: | M5: =F19 -> 159500000
A6: Tổng Ngân sách Hoạt động: | C6: =C4*C5 -> 750000000 | J6: Phần Chia đều (30%): | M6: =M5*0.3 -> 47850000
J7: Phần Hiệu quả (70%): | M7: =M5*0.7 -> 111650000
A8: 2. ĐỊNH MỨC PHÂN BỔ CHI TIẾT CÁC QUỸ VÀ BỘ PHẬN
A9: Tên Quỹ / Khấu Phần bổ | B9: Tỷ lệ phân bổ (%) | C9: Tỷ lệ trên Doanh thu (%) | D9: Số tiền phân bổ (VND) | E9: Trích nạp thêm từ HĐ (VND) | F9: Tổng ngân sách sau cộng (VND) | G9: Đã thực chi thực tế (VND) | H9: Số dư Khả dụng còn lại (VND) | J9: BẢNG PHÂN PHỐI QUỸ THEO CHỨC DANH
A10: Sale trực tiếp - Pro sale (Nguồn khách) | B10: =C10/C$5 -> 0.4 | C10: 0.06 | D10: =C10*$C$4 -> 300000000 | E10: ='5. Nhật ký Hợp đồng'!S5 -> 30000000 | F10: =D10+E10 -> 330000000 | G10: ='5. Nhật ký Hợp đồng'!T5 -> 30000000 | H10: =F10-G10 -> 300000000 | J10: Chức danh | K10: Tỷ lệ % | L10: Số lượng | M10: Thực nhận / người | N10: Điều kiện duy trì tháng cấp
A11: Tri ân kết nối sale trực tiếp | B11: =C11/C$5 -> 0.066666667 | C11: 0.01 | D11: =C11*$C$4 -> 50000000 | E11: ='5. Nhật ký Hợp đồng'!S6 -> 5000000 | F11: =D11+E11 -> 55000000 | G11: ='5. Nhật ký Hợp đồng'!T6 -> 5000000 | H11: =F11-G11 -> 50000000 | J11: Giám đốc | K11: 0.5 | L11: 5 | M11: =($M$7*K11)/L11 -> 11165000 | N11: Tối thiểu 1 PGD & duy trì 20 thành viên trong team
A12: Tri ân hỗ trợ sale | B12: =C12/C$5 -> 0.033333333 | C12: 0.005 | D12: =C12*$C$4 -> 25000000 | E12: ='5. Nhật ký Hợp đồng'!S7 -> 2500000 | F12: =D12+E12 -> 27500000 | G12: ='5. Nhật ký Hợp đồng'!T7 -> 2500000 | H12: =F12-G12 -> 25000000 | J12: Phó Giám đốc | K12: 0.3 | L12: 4 | M12: =($M$7*K12)/L12 -> 8373750 | N12: Tối thiểu 1 Trưởng phòng & duy trì 10 thành viên
A13: Quỹ Sự kiện & Chốt hợp đồng | B13: =C13/C$5 -> 0.033333333 | C13: 0.005 | D13: =C13*$C$4 -> 25000000 | E13: ='5. Nhật ký Hợp đồng'!S8 -> 2500000 | F13: =D13+E13 -> 27500000 | G13: ='5. Nhật ký Hợp đồng'!T8 -> 3000000 | H13: =F13-G13 -> 24500000 | J13: Trưởng phòng | K13: 0.2 | L13: 6 | M13: =($M$7*K13)/L13 -> 3721666.7 | N13: Duy trì tối thiểu 5 thành viên trong nhóm
A14: Quỹ Chăm sóc khách hàng | B14: =C14/C$5 -> 0.013333333 | C14: 0.002 | D14: =C14*$C$4 -> 10000000 | E14: ='5. Nhật ký Hợp đồng'!S9 -> 1000000 | F14: =D14+E14 -> 11000000 | G14: ='5. Nhật ký Hợp đồng'!T9 -> 3000000 | H14: =F14-G14 -> 8000000
A15: Quỹ Đào tạo Chuyên môn & Kỹ năng | B15: =C15/C$5 -> 0.02 | C15: 0.003 | D15: =C15*$C$4 -> 15000000 | E15: ='5. Nhật ký Hợp đồng'!S10 -> 1500000 | F15: =D15+E15 -> 16500000 | G15: ='5. Nhật ký Hợp đồng'!T10 -> 16000000 | H15: =F15-G15 -> 500000 | J15: ĐIỀU KIỆN DUY TRÌ VÀ THAM GIA ĂN CHIA QUỸ LEADER TEAM
A16: Quỹ Thi đua & Chương trình thúc đẩy | B16: =C16/C$5 -> 0.053333333 | C16: 0.008 | D16: =C16*$C$4 -> 40000000 | E16: ='5. Nhật ký Hợp đồng'!S11 -> 4000000 | F16: =D16+E16 -> 44000000 | G16: ='5. Nhật ký Hợp đồng'!T11 -> 10000000 | H16: =F16-G16 -> 34000000 | J16: - Tuyển dụng tối thiểu 3 tháng / ProSale hoạt động thực tế
A17: Chi phí Công tác phí | B17: =C17/C$5 -> 0.02 | C17: 0.003 | D17: =C17*$C$4 -> 15000000 | E17: ='5. Nhật ký Hợp đồng'!S12 -> 1500000 | F17: =D17+E17 -> 16500000 | G17: ='5. Nhật ký Hợp đồng'!T12 -> 1500000 | H17: =F17-G17 -> 15000000 | J17: - Không nghỉ họp liên tiếp 2 buổi / tháng (Dù có đủ doanh số)
A18: Quỹ Vận hành & Bộ phận hỗ trợ | B18: =C18/C$5 -> 0.36 | C18: =sum(C19:C23) -> 0.054 | D18: =C18*$C$4 -> 270000000 | E18: ='5. Nhật ký Hợp đồng'!S14 -> 12500000 | F18: =D18+E18 -> 282500000 | G18: ='5. Nhật ký Hợp đồng'!T14 -> 0 | H18: =F18-G18 -> 282500000 | J18: - Leader tự phát sinh hợp đồng cá nhân trong vòng 3 tháng
A19: Leader team - giám đốc Kd | B19: =C19/C$5 -> 0.19333333 | C19: 0.029 | D19: =C19*$C$4 -> 145000000 | E19: ='5. Nhật ký Hợp đồng'!S13 -> 14500000 | F19: =D19+E19 -> 159500000 | G19: ='5. Nhật ký Hợp đồng'!T13 -> 0 | H19: =F19-G19 -> 159500000 | J19: - Duy trì tối thiểu 5 ProSale hoạt động trong nhóm
A20: Tri ân kết nối phó tổng | B20: =C20/C$5 -> 0.033333333 | C20: 0.005
A21: Tổng điềù hành | B21: =C21/C$5 -> 0.033333333 | C21: 0.005
A22: Phó tổng | B22: =C22/C$5 -> 0.08 | C22: 0.012
A23: Quỹ hỗ trợ & dự phòng | B23: =C23/C$5 -> 0.02 | C23: 0.003
A24: TỔNG CỘNG NGÂN SÁCH | B24: =SUM(B10:B18) -> 1 | C24: =SUM(C10:C18) -> 0.15 | D24: =SUM(D10:D23) -> 895000000 | E24: =SUM(E10:E23) -> 75000000 | F24: =SUM(F10:F23) -> 970000000 | G24: =SUM(G10:G23) -> 71000000 | H24: =SUM(H10:H23) -> 899000000 | J24: - Team phát sinh ít nhất 1 hợp đồng / tháng để đảm bảo duy trì nhóm
A26: 3. THAM CHIẾU QUY ĐỔI TOKEN ĐÀO TẠO (QUỸ ĐÀO TẠO ĐỒNG)
A27: Hạng đào tạo | B27: Số lượng Token quy đổi | C27: Giá trị quy định (Nếu cố định tham chiếu)
A28: Hạng A (Chuyên nghiệp / Giảng viên) | B28: 10 | C28: Tính động theo bể ngân sách từng buổi học (Tab 7)
A29: Hạng B (Trợ giảng có kinh nghiệm) | B29: 5 | C29: Tính động theo bể ngân sách từng buổi học (Tab 7)
A30: Hạng C (Học viên xuất sắc / Hộ) | B30: 3 | C30: Tính động theo bể ngân sách từng buổi học (Tab 7)
A31: Hạng D (Học viên tham gia đầy đủ) | B31: 1 | C31: Tính động theo bể ngân sách từng buổi học (Tab 7)

Sheet 2. Danh sách Thành viên
A1: DANH SÁCH THÀNH VIÊN VÀ KIỂM TRA ĐIỀU KIỆN CHỨC DANH CHI TIẾT (ẢNH I) | U1: Từ ngày: | V1: 46235
U2: Đến ngày: | V2: 46265
A3: Mã TV (SĐT) | B3: Họ và Tên | C3: Số điện thoại | D3: Căn cước (CCCD) | E3: Số TK | F3: Ngân hàng | G3: Email | H3: Người giới thiệu (Mã TV) | I3: Họ tên Người giới thiệu | J3: Chức danh Đăng ký | K3: Nhóm/Team | L3: Sĩ số Nhóm (COUNTIF) | M3: Số Thành viên (Nhóm) | N3: Số Trưởng phòng (Nhóm) | O3: Số Phó GD (Nhóm) | P3: Chức danh | Q3: Số buổi vắng (Liên tiếp) | R3: HĐ cá nhân (3 tháng qua) | S3: HĐ nhóm (Tháng này) | T3: Số lần làm Khách | U3: Số lần đi mời | V3: Số lượng khách mời tham gia | W3: Tiền Tiệc trà tự đóng (VND) | X3: Tổng Thù lao Sự kiện (VND) | Y3: Tổng Thù lao Hợp đồng (VND) | Z3: Tổng Thù lao Đào tạo (VND) | AA3: Thực nhận Cuối kỳ (VND)
A4: 0912345671 | B4: Nguyễn Văn Hoàng | C4: 0912345671 | D4: 001096001234 | E4: 1903456789 | F4: Techcombank | G4: hoang.nv@vov.vn | H4: Công ty | I4: Công ty | J4: Giám đốc | K4: Lửa Xanh | L4: =COUNTIF($K$4:$K$40, K4) -> 8 | M4: =COUNTIFS($K$4:$K$40, K4, $J$4:$J$40, "Thành viên") -> 5 | N4: =COUNTIFS($K$4:$K$40, K4, $J$4:$J$40, "Trưởng phòng") -> 1 | O4: =COUNTIFS($K$4:$K$40, K4, $J$4:$J$40, "Phó Giám đốc") -> 1 | P4: =IF(J4="Giám đốc", IF(AND(L4>=20, O4>=1), "Giám đốc", "Thành viên"), IF(J4="Phó Giám đốc", IF(AND(L4>=10, N4>=1), "Phó Giám đốc", "Thành viên"), IF(J4="Trưởng phòng", IF(L4>=5, "Trưởng phòng", "Thành viên"), "Thành viên"))) -> Thành viên | Q4: 0 | R4: Có | S4: Có | T4: =COUNTIFS('4. Chi tiết Sự kiện'!$C$4:$C$103, A4, '4. Chi tiết Sự kiện'!$E$4:$E$103, "Khách mời", '4. Chi tiết Sự kiện'!$H$4:$H$103, "Có", '4. Chi tiết Sự kiện'!$B$4:$B$103, ">="&$V$1, '4. Chi tiết Sự kiện'!$B$4:$B$103, "<="&$V$2) -> 0 | U4: =COUNTIFS('4. Chi tiết Sự kiện'!$F$4:$F$103, A4, '4. Chi tiết Sự kiện'!$B$4:$B$103, ">="&$V$1, '4. Chi tiết Sự kiện'!$B$4:$B$103, "<="&$V$2) -> 4 | V4: =COUNTIFS('4. Chi tiết Sự kiện'!$F$4:$F$103, A4, '4. Chi tiết Sự kiện'!$E$4:$E$103, "Khách mời", '4. Chi tiết Sự kiện'!$B$4:$B$103, ">="&$V$1, '4. Chi tiết Sự kiện'!$B$4:$B$103, "<="&$V$2) -> 4 | W4: =SUMIFS('4. Chi tiết Sự kiện'!$L$4:$L$103, '4. Chi tiết Sự kiện'!$C$4:$C$103, A4, '4. Chi tiết Sự kiện'!$B$4:$B$103, ">="&$V$1, '4. Chi tiết Sự kiện'!$B$4:$B$103, "<="&$V$2) -> 0 | X4: =SUMIFS('4. Chi tiết Sự kiện'!$M$4:$M$103, '4. Chi tiết Sự kiện'!$C$4:$C$103, A4, '4. Chi tiết Sự kiện'!$B$4:$B$103, ">="&$V$1, '4. Chi tiết Sự kiện'!$B$4:$B$103, "<="&$V$2) -> 500000 | Y4: =SUMIFS('5. Nhật ký Hợp đồng'!$K$4:$K$103, '5. Nhật ký Hợp đồng'!$E$4:$E$103, A4, '5. Nhật ký Hợp đồng'!$N$4:$N$103, "Đã duyệt", '5. Nhật ký Hợp đồng'!$B$4:$B$103, ">="&$V$1, '5. Nhật ký Hợp đồng'!$B$4:$B$103, "<="&$V$2) + SUMIFS('5. Nhật ký Hợp đồng'!$L$4:$L$103, '5. Nhật ký Hợp đồng'!$G$4:$G$103, A4, '5. Nhật ký Hợp đồng'!$N$4:$N$103, "Đã duyệt", '5. Nhật ký Hợp đồng'!$B$4:$B$103, ">="&$V$1, '5. Nhật ký Hợp đồng'!$B$4:$B$103, "<="&$V$2) + SUMIFS('5. Nhật ký Hợp đồng'!$M$4:$M$103, '5. Nhật ký Hợp đồng'!$I$4:$I$103, A4, '5. Nhật ký Hợp đồng'!$N$4:$N$103, "Đã duyệt", '5. Nhật ký Hợp đồng'!$B$4:$B$103, ">="&$V$1, '5. Nhật ký Hợp đồng'!$B$4:$B$103, "<="&$V$2) -> 13000000 | Z4: =SUMIFS('7. Nhật ký Đào tạo'!$L$4:$L$103, '7. Nhật ký Đào tạo'!$B$4:$B$103, A4, '7. Nhật ký Đào tạo'!$K$4:$K$103, "Đã duyệt", '7. Nhật ký Đào tạo'!$M$4:$M$103, ">="&$V$1, '7. Nhật ký Đào tạo'!$M$4:$M$103, "<="&$V$2) -> 7543859.6 | AA4: =X4+Y4+Z4-W4 -> 21043860
A5: 0912345672 | B5: Lê Minh Anh | C5: 0912345672 | D5: 001096005678 | E5: 00710009999 | F5: Vietcombank | G5: anh.lm@vov.vn | H5: 0912345671 | I5: Nguyễn Văn Hoàng | J5: Phó Giám đốc | K5: Lửa Xanh | L5: =COUNTIF($K$4:$K$40, K5) -> 8 | M5: =COUNTIFS($K$4:$K$40, K5, $J$4:$J$40, "Thành viên") -> 5 | N5: =COUNTIFS($K$4:$K$40, K5, $J$4:$J$40, "Trưởng phòng") -> 1 | O5: =COUNTIFS($K$4:$K$40, K5, $J$4:$J$40, "Phó Giám đốc") -> 1 | P5: =IF(J5="Giám đốc", IF(AND(L5>=20, O5>=1), "Giám đốc", "Thành viên"), IF(J5="Phó Giám đốc", IF(AND(L5>=10, N5>=1), "Phó Giám đốc", "Thành viên"), IF(J5="Trưởng phòng", IF(L5>=5, "Trưởng phòng", "Thành viên"), "Thành viên"))) -> Thành viên | Q5: 0 | R5: Có | S5: Có | T5: =COUNTIFS('4. Chi tiết Sự kiện'!$C$4:$C$103, A5, '4. Chi tiết Sự kiện'!$E$4:$E$103, "Khách mời", '4. Chi tiết Sự kiện'!$H$4:$H$103, "Có", '4. Chi tiết Sự kiện'!$B$4:$B$103, ">="&$V$1, '4. Chi tiết Sự kiện'!$B$4:$B$103, "<="&$V$2) -> 0 | U5: =COUNTIFS('4. Chi tiết Sự kiện'!$F$4:$F$103, A5, '4. Chi tiết Sự kiện'!$B$4:$B$103, ">="&$V$1, '4. Chi tiết Sự kiện'!$B$4:$B$103, "<="&$V$2) -> 5 | V5: =COUNTIFS('4. Chi tiết Sự kiện'!$F$4:$F$103, A5, '4. Chi tiết Sự kiện'!$E$4:$E$103, "Khách mời", '4. Chi tiết Sự kiện'!$B$4:$B$103, ">="&$V$1, '4. Chi tiết Sự kiện'!$B$4:$B$103, "<="&$V$2) -> 4 | W5: =SUMIFS('4. Chi tiết Sự kiện'!$L$4:$L$103, '4. Chi tiết Sự kiện'!$C$4:$C$103, A5, '4. Chi tiết Sự kiện'!$B$4:$B$103, ">="&$V$1, '4. Chi tiết Sự kiện'!$B$4:$B$103, "<="&$V$2) -> 0 | X5: =SUMIFS('4. Chi tiết Sự kiện'!$M$4:$M$103, '4. Chi tiết Sự kiện'!$C$4:$C$103, A5, '4. Chi tiết Sự kiện'!$B$4:$B$103, ">="&$V$1, '4. Chi tiết Sự kiện'!$B$4:$B$103, "<="&$V$2) -> 700000 | Y5: =SUMIFS('5. Nhật ký Hợp đồng'!$K$4:$K$103, '5. Nhật ký Hợp đồng'!$E$4:$E$103, A5, '5. Nhật ký Hợp đồng'!$N$4:$N$103, "Đã duyệt", '5. Nhật ký Hợp đồng'!$B$4:$B$103, ">="&$V$1, '5. Nhật ký Hợp đồng'!$B$4:$B$103, "<="&$V$2) + SUMIFS('5. Nhật ký Hợp đồng'!$L$4:$L$103, '5. Nhật ký Hợp đồng'!$G$4:$G$103, A5, '5. Nhật ký Hợp đồng'!$N$4:$N$103, "Đã duyệt", '5. Nhật ký Hợp đồng'!$B$4:$B$103, ">="&$V$1, '5. Nhật ký Hợp đồng'!$B$4:$B$103, "<="&$V$2) + SUMIFS('5. Nhật ký Hợp đồng'!$M$4:$M$103, '5. Nhật ký Hợp đồng'!$I$4:$I$103, A5, '5. Nhật ký Hợp đồng'!$N$4:$N$103, "Đã duyệt", '5. Nhật ký Hợp đồng'!$B$4:$B$103, ">="&$V$1, '5. Nhật ký Hợp đồng'!$B$4:$B$103, "<="&$V$2) -> 10000000 | Z5: =SUMIFS('7. Nhật ký Đào tạo'!$L$4:$L$103, '7. Nhật ký Đào tạo'!$B$4:$B$103, A5, '7. Nhật ký Đào tạo'!$K$4:$K$103, "Đã duyệt", '7. Nhật ký Đào tạo'!$M$4:$M$103, ">="&$V$1, '7. Nhật ký Đào tạo'!$M$4:$M$103, "<="&$V$2) -> 3611111.1 | AA5: =X5+Y5+Z5-W5 -> 14311111
A6: 0912345673 | B6: Trần Thị Vân | C6: 0912345673 | D6: 001096009999 | E6: 1023456789 | F6: Vietinbank | G6: van.tt@vov.vn | H6: 0912345672 | I6: Lê Minh Anh | J6: Trưởng phòng | K6: Lửa Xanh | L6: =COUNTIF($K$4:$K$40, K6) -> 8 | M6: =COUNTIFS($K$4:$K$40, K6, $J$4:$J$40, "Thành viên") -> 5 | N6: =COUNTIFS($K$4:$K$40, K6, $J$4:$J$40, "Trưởng phòng") -> 1 | O6: =COUNTIFS($K$4:$K$40, K6, $J$4:$J$40, "Phó Giám đốc") -> 1 | P6: =IF(J6="Giám đốc", IF(AND(L6>=20, O6>=1), "Giám đốc", "Thành viên"), IF(J6="Phó Giám đốc", IF(AND(L6>=10, N6>=1), "Phó Giám đốc", "Thành viên"), IF(J6="Trưởng phòng", IF(L6>=5, "Trưởng phòng", "Thành viên"), "Thành viên"))) -> Trưởng phòng | Q6: 0 | R6: Có | S6: Có | T6: =COUNTIFS('4. Chi tiết Sự kiện'!$C$4:$C$103, A6, '4. Chi tiết Sự kiện'!$E$4:$E$103, "Khách mời", '4. Chi tiết Sự kiện'!$H$4:$H$103, "Có", '4. Chi tiết Sự kiện'!$B$4:$B$103, ">="&$V$1, '4. Chi tiết Sự kiện'!$B$4:$B$103, "<="&$V$2) -> 0 | U6: =COUNTIFS('4. Chi tiết Sự kiện'!$F$4:$F$103, A6, '4. Chi tiết Sự kiện'!$B$4:$B$103, ">="&$V$1, '4. Chi tiết Sự kiện'!$B$4:$B$103, "<="&$V$2) -> 0 | V6: =COUNTIFS('4. Chi tiết Sự kiện'!$F$4:$F$103, A6, '4. Chi tiết Sự kiện'!$E$4:$E$103, "Khách mời", '4. Chi tiết Sự kiện'!$B$4:$B$103, ">="&$V$1, '4. Chi tiết Sự kiện'!$B$4:$B$103, "<="&$V$2) -> 0 | W6: =SUMIFS('4. Chi tiết Sự kiện'!$L$4:$L$103, '4. Chi tiết Sự kiện'!$C$4:$C$103, A6, '4. Chi tiết Sự kiện'!$B$4:$B$103, ">="&$V$1, '4. Chi tiết Sự kiện'!$B$4:$B$103, "<="&$V$2) -> 0 | X6: =SUMIFS('4. Chi tiết Sự kiện'!$M$4:$M$103, '4. Chi tiết Sự kiện'!$C$4:$C$103, A6, '4. Chi tiết Sự kiện'!$B$4:$B$103, ">="&$V$1, '4. Chi tiết Sự kiện'!$B$4:$B$103, "<="&$V$2) -> 600000 | Y6: =SUMIFS('5. Nhật ký Hợp đồng'!$K$4:$K$103, '5. Nhật ký Hợp đồng'!$E$4:$E$103, A6, '5. Nhật ký Hợp đồng'!$N$4:$N$103, "Đã duyệt", '5. Nhật ký Hợp đồng'!$B$4:$B$103, ">="&$V$1, '5. Nhật ký Hợp đồng'!$B$4:$B$103, "<="&$V$2) + SUMIFS('5. Nhật ký Hợp đồng'!$L$4:$L$103, '5. Nhật ký Hợp đồng'!$G$4:$G$103, A6, '5. Nhật ký Hợp đồng'!$N$4:$N$103, "Đã duyệt", '5. Nhật ký Hợp đồng'!$B$4:$B$103, ">="&$V$1, '5. Nhật ký Hợp đồng'!$B$4:$B$103, "<="&$V$2) + SUMIFS('5. Nhật ký Hợp đồng'!$M$4:$M$103, '5. Nhật ký Hợp đồng'!$I$4:$I$103, A6, '5. Nhật ký Hợp đồng'!$N$4:$N$103, "Đã duyệt", '5. Nhật ký Hợp đồng'!$B$4:$B$103, ">="&$V$1, '5. Nhật ký Hợp đồng'!$B$4:$B$103, "<="&$V$2) -> 1750000 | Z6: =SUMIFS('7. Nhật ký Đào tạo'!$L$4:$L$103, '7. Nhật ký Đào tạo'!$B$4:$B$103, A6, '7. Nhật ký Đào tạo'!$K$4:$K$103, "Đã duyệt", '7. Nhật ký Đào tạo'!$M$4:$M$103, ">="&$V$1, '7. Nhật ký Đào tạo'!$M$4:$M$103, "<="&$V$2) -> 921052.63 | AA6: =X6+Y6+Z6-W6 -> 3271052.6
A7: 0912345674 | B7: Bùi Minh Đức | C7: 0912345674 | D7: 001096001111 | E7: 11112222333 | F7: MB Bank | G7: duc.bm@vov.vn | H7: 0912345672 | I7: Lê Minh Anh | J7: Thành viên | K7: Lửa Xanh | L7: =COUNTIF($K$4:$K$40, K7) -> 8 | M7: =COUNTIFS($K$4:$K$40, K7, $J$4:$J$40, "Thành viên") -> 5 | N7: =COUNTIFS($K$4:$K$40, K7, $J$4:$J$40, "Trưởng phòng") -> 1 | O7: =COUNTIFS($K$4:$K$40, K7, $J$4:$J$40, "Phó Giám đốc") -> 1 | P7: =IF(J7="Giám đốc", IF(AND(L7>=20, O7>=1), "Giám đốc", "Thành viên"), IF(J7="Phó Giám đốc", IF(AND(L7>=10, N7>=1), "Phó Giám đốc", "Thành viên"), IF(J7="Trưởng phòng", IF(L7>=5, "Trưởng phòng", "Thành viên"), "Thành viên"))) -> Thành viên | Q7: 1 | R7: Có | S7: Có | T7: =COUNTIFS('4. Chi tiết Sự kiện'!$C$4:$C$103, A7, '4. Chi tiết Sự kiện'!$E$4:$E$103, "Khách mời", '4. Chi tiết Sự kiện'!$H$4:$H$103, "Có", '4. Chi tiết Sự kiện'!$B$4:$B$103, ">="&$V$1, '4. Chi tiết Sự kiện'!$B$4:$B$103, "<="&$V$2) -> 0 | U7: =COUNTIFS('4. Chi tiết Sự kiện'!$F$4:$F$103, A7, '4. Chi tiết Sự kiện'!$B$4:$B$103, ">="&$V$1, '4. Chi tiết Sự kiện'!$B$4:$B$103, "<="&$V$2) -> 0 | V7: =COUNTIFS('4. Chi tiết Sự kiện'!$F$4:$F$103, A7, '4. Chi tiết Sự kiện'!$E$4:$E$103, "Khách mời", '4. Chi tiết Sự kiện'!$B$4:$B$103, ">="&$V$1, '4. Chi tiết Sự kiện'!$B$4:$B$103, "<="&$V$2) -> 0 | W7: =SUMIFS('4. Chi tiết Sự kiện'!$L$4:$L$103, '4. Chi tiết Sự kiện'!$C$4:$C$103, A7, '4. Chi tiết Sự kiện'!$B$4:$B$103, ">="&$V$1, '4. Chi tiết Sự kiện'!$B$4:$B$103, "<="&$V$2) -> 0 | X7: =SUMIFS('4. Chi tiết Sự kiện'!$M$4:$M$103, '4. Chi tiết Sự kiện'!$C$4:$C$103, A7, '4. Chi tiết Sự kiện'!$B$4:$B$103, ">="&$V$1, '4. Chi tiết Sự kiện'!$B$4:$B$103, "<="&$V$2) -> 450000 | Y7: =SUMIFS('5. Nhật ký Hợp đồng'!$K$4:$K$103, '5. Nhật ký Hợp đồng'!$E$4:$E$103, A7, '5. Nhật ký Hợp đồng'!$N$4:$N$103, "Đã duyệt", '5. Nhật ký Hợp đồng'!$B$4:$B$103, ">="&$V$1, '5. Nhật ký Hợp đồng'!$B$4:$B$103, "<="&$V$2) + SUMIFS('5. Nhật ký Hợp đồng'!$L$4:$L$103, '5. Nhật ký Hợp đồng'!$G$4:$G$103, A7, '5. Nhật ký Hợp đồng'!$N$4:$N$103, "Đã duyệt", '5. Nhật ký Hợp đồng'!$B$4:$B$103, ">="&$V$1, '5. Nhật ký Hợp đồng'!$B$4:$B$103, "<="&$V$2) + SUMIFS('5. Nhật ký Hợp đồng'!$M$4:$M$103, '5. Nhật ký Hợp đồng'!$I$4:$I$103, A7, '5. Nhật ký Hợp đồng'!$N$4:$N$103, "Đã duyệt", '5. Nhật ký Hợp đồng'!$B$4:$B$103, ">="&$V$1, '5. Nhật ký Hợp đồng'!$B$4:$B$103, "<="&$V$2) -> 750000 | Z7: =SUMIFS('7. Nhật ký Đào tạo'!$L$4:$L$103, '7. Nhật ký Đào tạo'!$B$4:$B$103, A7, '7. Nhật ký Đào tạo'!$K$4:$K$103, "Đã duyệt", '7. Nhật ký Đào tạo'!$M$4:$M$103, ">="&$V$1, '7. Nhật ký Đào tạo'!$M$4:$M$103, "<="&$V$2) -> 2105263.2 | AA7: =X7+Y7+Z7-W7 -> 3305263.2
A8: 0912345675 | B8: Ngô Thanh Hải | C8: 0912345675 | D8: 001096002222 | E8: 19034444555 | F8: Techcombank | G8: hai.nt@vov.vn | H8: 0912345673 | I8: Trần Thị Vân | J8: Thành viên | K8: Lửa Xanh | L8: =COUNTIF($K$4:$K$40, K8) -> 8 | M8: =COUNTIFS($K$4:$K$40, K8, $J$4:$J$40, "Thành viên") -> 5 | N8: =COUNTIFS($K$4:$K$40, K8, $J$4:$J$40, "Trưởng phòng") -> 1 | O8: =COUNTIFS($K$4:$K$40, K8, $J$4:$J$40, "Phó Giám đốc") -> 1 | P8: =IF(J8="Giám đốc", IF(AND(L8>=20, O8>=1), "Giám đốc", "Thành viên"), IF(J8="Phó Giám đốc", IF(AND(L8>=10, N8>=1), "Phó Giám đốc", "Thành viên"), IF(J8="Trưởng phòng", IF(L8>=5, "Trưởng phòng", "Thành viên"), "Thành viên"))) -> Thành viên | Q8: 0 | R8: Có | S8: Có | T8: =COUNTIFS('4. Chi tiết Sự kiện'!$C$4:$C$103, A8, '4. Chi tiết Sự kiện'!$E$4:$E$103, "Khách mời", '4. Chi tiết Sự kiện'!$H$4:$H$103, "Có", '4. Chi tiết Sự kiện'!$B$4:$B$103, ">="&$V$1, '4. Chi tiết Sự kiện'!$B$4:$B$103, "<="&$V$2) -> 0 | U8: =COUNTIFS('4. Chi tiết Sự kiện'!$F$4:$F$103, A8, '4. Chi tiết Sự kiện'!$B$4:$B$103, ">="&$V$1, '4. Chi tiết Sự kiện'!$B$4:$B$103, "<="&$V$2) -> 0 | V8: =COUNTIFS('4. Chi tiết Sự kiện'!$F$4:$F$103, A8, '4. Chi tiết Sự kiện'!$E$4:$E$103, "Khách mời", '4. Chi tiết Sự kiện'!$B$4:$B$103, ">="&$V$1, '4. Chi tiết Sự kiện'!$B$4:$B$103, "<="&$V$2) -> 0 | W8: =SUMIFS('4. Chi tiết Sự kiện'!$L$4:$L$103, '4. Chi tiết Sự kiện'!$C$4:$C$103, A8, '4. Chi tiết Sự kiện'!$B$4:$B$103, ">="&$V$1, '4. Chi tiết Sự kiện'!$B$4:$B$103, "<="&$V$2) -> 0 | X8: =SUMIFS('4. Chi tiết Sự kiện'!$M$4:$M$103, '4. Chi tiết Sự kiện'!$C$4:$C$103, A8, '4. Chi tiết Sự kiện'!$B$4:$B$103, ">="&$V$1, '4. Chi tiết Sự kiện'!$B$4:$B$103, "<="&$V$2) -> 450000 | Y8: =SUMIFS('5. Nhật ký Hợp đồng'!$K$4:$K$103, '5. Nhật ký Hợp đồng'!$E$4:$E$103, A8, '5. Nhật ký Hợp đồng'!$N$4:$N$103, "Đã duyệt", '5. Nhật ký Hợp đồng'!$B$4:$B$103, ">="&$V$1, '5. Nhật ký Hợp đồng'!$B$4:$B$103, "<="&$V$2) + SUMIFS('5. Nhật ký Hợp đồng'!$L$4:$L$103, '5. Nhật ký Hợp đồng'!$G$4:$G$103, A8, '5. Nhật ký Hợp đồng'!$N$4:$N$103, "Đã duyệt", '5. Nhật ký Hợp đồng'!$B$4:$B$103, ">="&$V$1, '5. Nhật ký Hợp đồng'!$B$4:$B$103, "<="&$V$2) + SUMIFS('5. Nhật ký Hợp đồng'!$M$4:$M$103, '5. Nhật ký Hợp đồng'!$I$4:$I$103, A8, '5. Nhật ký Hợp đồng'!$N$4:$N$103, "Đã duyệt", '5. Nhật ký Hợp đồng'!$B$4:$B$103, ">="&$V$1, '5. Nhật ký Hợp đồng'!$B$4:$B$103, "<="&$V$2) -> 0 | Z8: =SUMIFS('7. Nhật ký Đào tạo'!$L$4:$L$103, '7. Nhật ký Đào tạo'!$B$4:$B$103, A8, '7. Nhật ký Đào tạo'!$K$4:$K$103, "Đã duyệt", '7. Nhật ký Đào tạo'!$M$4:$M$103, ">="&$V$1, '7. Nhật ký Đào tạo'!$M$4:$M$103, "<="&$V$2) -> 1818713.4 | AA8: =X8+Y8+Z8-W8 -> 2268713.5
A9: 0912345676 | B9: Đỗ Hoàng Nam | C9: 0912345676 | D9: 001096003333 | E9: 19034444666 | F9: Techcombank | G9: nam.dh@vov.vn | H9: 0912345673 | I9: Trần Thị Vân | J9: Thành viên | K9: Lửa Xanh | L9: =COUNTIF($K$4:$K$40, K9) -> 8 | M9: =COUNTIFS($K$4:$K$40, K9, $J$4:$J$40, "Thành viên") -> 5 | N9: =COUNTIFS($K$4:$K$40, K9, $J$4:$J$40, "Trưởng phòng") -> 1 | O9: =COUNTIFS($K$4:$K$40, K9, $J$4:$J$40, "Phó Giám đốc") -> 1 | P9: =IF(J9="Giám đốc", IF(AND(L9>=20, O9>=1), "Giám đốc", "Thành viên"), IF(J9="Phó Giám đốc", IF(AND(L9>=10, N9>=1), "Phó Giám đốc", "Thành viên"), IF(J9="Trưởng phòng", IF(L9>=5, "Trưởng phòng", "Thành viên"), "Thành viên"))) -> Thành viên | Q9: 2 | R9: Có | S9: Có | T9: =COUNTIFS('4. Chi tiết Sự kiện'!$C$4:$C$103, A9, '4. Chi tiết Sự kiện'!$E$4:$E$103, "Khách mời", '4. Chi tiết Sự kiện'!$H$4:$H$103, "Có", '4. Chi tiết Sự kiện'!$B$4:$B$103, ">="&$V$1, '4. Chi tiết Sự kiện'!$B$4:$B$103, "<="&$V$2) -> 0 | U9: =COUNTIFS('4. Chi tiết Sự kiện'!$F$4:$F$103, A9, '4. Chi tiết Sự kiện'!$B$4:$B$103, ">="&$V$1, '4. Chi tiết Sự kiện'!$B$4:$B$103, "<="&$V$2) -> 0 | V9: =COUNTIFS('4. Chi tiết Sự kiện'!$F$4:$F$103, A9, '4. Chi tiết Sự kiện'!$E$4:$E$103, "Khách mời", '4. Chi tiết Sự kiện'!$B$4:$B$103, ">="&$V$1, '4. Chi tiết Sự kiện'!$B$4:$B$103, "<="&$V$2) -> 0 | W9: =SUMIFS('4. Chi tiết Sự kiện'!$L$4:$L$103, '4. Chi tiết Sự kiện'!$C$4:$C$103, A9, '4. Chi tiết Sự kiện'!$B$4:$B$103, ">="&$V$1, '4. Chi tiết Sự kiện'!$B$4:$B$103, "<="&$V$2) -> 0 | X9: =SUMIFS('4. Chi tiết Sự kiện'!$M$4:$M$103, '4. Chi tiết Sự kiện'!$C$4:$C$103, A9, '4. Chi tiết Sự kiện'!$B$4:$B$103, ">="&$V$1, '4. Chi tiết Sự kiện'!$B$4:$B$103, "<="&$V$2) -> 0 | Y9: =SUMIFS('5. Nhật ký Hợp đồng'!$K$4:$K$103, '5. Nhật ký Hợp đồng'!$E$4:$E$103, A9, '5. Nhật ký Hợp đồng'!$N$4:$N$103, "Đã duyệt", '5. Nhật ký Hợp đồng'!$B$4:$B$103, ">="&$V$1, '5. Nhật ký Hợp đồng'!$B$4:$B$103, "<="&$V$2) + SUMIFS('5. Nhật ký Hợp đồng'!$L$4:$L$103, '5. Nhật ký Hợp đồng'!$G$4:$G$103, A9, '5. Nhật ký Hợp đồng'!$N$4:$N$103, "Đã duyệt", '5. Nhật ký Hợp đồng'!$B$4:$B$103, ">="&$V$1, '5. Nhật ký Hợp đồng'!$B$4:$B$103, "<="&$V$2) + SUMIFS('5. Nhật ký Hợp đồng'!$M$4:$M$103, '5. Nhật ký Hợp đồng'!$I$4:$I$103, A9, '5. Nhật ký Hợp đồng'!$N$4:$N$103, "Đã duyệt", '5. Nhật ký Hợp đồng'!$B$4:$B$103, ">="&$V$1, '5. Nhật ký Hợp đồng'!$B$4:$B$103, "<="&$V$2) -> 0 | Z9: =SUMIFS('7. Nhật ký Đào tạo'!$L$4:$L$103, '7. Nhật ký Đào tạo'!$B$4:$B$103, A9, '7. Nhật ký Đào tạo'!$K$4:$K$103, "Đã duyệt", '7. Nhật ký Đào tạo'!$M$4:$M$103, ">="&$V$1, '7. Nhật ký Đào tạo'!$M$4:$M$103, "<="&$V$2) -> 0 | AA9: =X9+Y9+Z9-W9 -> 0
A10: 0912345677 | B10: Hoàng Quốc Bảo | C10: 0912345677 | D10: 001096004444 | E10: 19034444777 | F10: Techcombank | G10: bao.hq@vov.vn | H10: 0912345671 | I10: Nguyễn Văn Hoàng | J10: Thành viên | K10: Lửa Xanh | L10: =COUNTIF($K$4:$K$40, K10) -> 8 | M10: =COUNTIFS($K$4:$K$40, K10, $J$4:$J$40, "Thành viên") -> 5 | N10: =COUNTIFS($K$4:$K$40, K10, $J$4:$J$40, "Trưởng phòng") -> 1 | O10: =COUNTIFS($K$4:$K$40, K10, $J$4:$J$40, "Phó Giám đốc") -> 1 | P10: =IF(J10="Giám đốc", IF(AND(L10>=20, O10>=1), "Giám đốc", "Thành viên"), IF(J10="Phó Giám đốc", IF(AND(L10>=10, N10>=1), "Phó Giám đốc", "Thành viên"), IF(J10="Trưởng phòng", IF(L10>=5, "Trưởng phòng", "Thành viên"), "Thành viên"))) -> Thành viên | Q10: 0 | R10: Có | S10: Có | T10: =COUNTIFS('4. Chi tiết Sự kiện'!$C$4:$C$103, A10, '4. Chi tiết Sự kiện'!$E$4:$E$103, "Khách mời", '4. Chi tiết Sự kiện'!$H$4:$H$103, "Có", '4. Chi tiết Sự kiện'!$B$4:$B$103, ">="&$V$1, '4. Chi tiết Sự kiện'!$B$4:$B$103, "<="&$V$2) -> 0 | U10: =COUNTIFS('4. Chi tiết Sự kiện'!$F$4:$F$103, A10, '4. Chi tiết Sự kiện'!$B$4:$B$103, ">="&$V$1, '4. Chi tiết Sự kiện'!$B$4:$B$103, "<="&$V$2) -> 0 | V10: =COUNTIFS('4. Chi tiết Sự kiện'!$F$4:$F$103, A10, '4. Chi tiết Sự kiện'!$E$4:$E$103, "Khách mời", '4. Chi tiết Sự kiện'!$B$4:$B$103, ">="&$V$1, '4. Chi tiết Sự kiện'!$B$4:$B$103, "<="&$V$2) -> 0 | W10: =SUMIFS('4. Chi tiết Sự kiện'!$L$4:$L$103, '4. Chi tiết Sự kiện'!$C$4:$C$103, A10, '4. Chi tiết Sự kiện'!$B$4:$B$103, ">="&$V$1, '4. Chi tiết Sự kiện'!$B$4:$B$103, "<="&$V$2) -> 0 | X10: =SUMIFS('4. Chi tiết Sự kiện'!$M$4:$M$103, '4. Chi tiết Sự kiện'!$C$4:$C$103, A10, '4. Chi tiết Sự kiện'!$B$4:$B$103, ">="&$V$1, '4. Chi tiết Sự kiện'!$B$4:$B$103, "<="&$V$2) -> 0 | Y10: =SUMIFS('5. Nhật ký Hợp đồng'!$K$4:$K$103, '5. Nhật ký Hợp đồng'!$E$4:$E$103, A10, '5. Nhật ký Hợp đồng'!$N$4:$N$103, "Đã duyệt", '5. Nhật ký Hợp đồng'!$B$4:$B$103, ">="&$V$1, '5. Nhật ký Hợp đồng'!$B$4:$B$103, "<="&$V$2) + SUMIFS('5. Nhật ký Hợp đồng'!$L$4:$L$103, '5. Nhật ký Hợp đồng'!$G$4:$G$103, A10, '5. Nhật ký Hợp đồng'!$N$4:$N$103, "Đã duyệt", '5. Nhật ký Hợp đồng'!$B$4:$B$103, ">="&$V$1, '5. Nhật ký Hợp đồng'!$B$4:$B$103, "<="&$V$2) + SUMIFS('5. Nhật ký Hợp đồng'!$M$4:$M$103, '5. Nhật ký Hợp đồng'!$I$4:$I$103, A10, '5. Nhật ký Hợp đồng'!$N$4:$N$103, "Đã duyệt", '5. Nhật ký Hợp đồng'!$B$4:$B$103, ">="&$V$1, '5. Nhật ký Hợp đồng'!$B$4:$B$103, "<="&$V$2) -> 0 | Z10: =SUMIFS('7. Nhật ký Đào tạo'!$L$4:$L$103, '7. Nhật ký Đào tạo'!$B$4:$B$103, A10, '7. Nhật ký Đào tạo'!$K$4:$K$103, "Đã duyệt", '7. Nhật ký Đào tạo'!$M$4:$M$103, ">="&$V$1, '7. Nhật ký Đào tạo'!$M$4:$M$103, "<="&$V$2) -> 0 | AA10: =X10+Y10+Z10-W10 -> 0
A11: 0912345678 | B11: Vũ Minh Tuấn | C11: 0912345678 | D11: 001096005555 | E11: 19034444888 | F11: Techcombank | G11: tuan.vm@vov.vn | H11: 0912345671 | I11: Nguyễn Văn Hoàng | J11: Thành viên | K11: Lửa Xanh | L11: =COUNTIF($K$4:$K$40, K11) -> 8 | M11: =COUNTIFS($K$4:$K$40, K11, $J$4:$J$40, "Thành viên") -> 5 | N11: =COUNTIFS($K$4:$K$40, K11, $J$4:$J$40, "Trưởng phòng") -> 1 | O11: =COUNTIFS($K$4:$K$40, K11, $J$4:$J$40, "Phó Giám đốc") -> 1 | P11: =IF(J11="Giám đốc", IF(AND(L11>=20, O11>=1), "Giám đốc", "Thành viên"), IF(J11="Phó Giám đốc", IF(AND(L11>=10, N11>=1), "Phó Giám đốc", "Thành viên"), IF(J11="Trưởng phòng", IF(L11>=5, "Trưởng phòng", "Thành viên"), "Thành viên"))) -> Thành viên | Q11: 0 | R11: Có | S11: Có | T11: =COUNTIFS('4. Chi tiết Sự kiện'!$C$4:$C$103, A11, '4. Chi tiết Sự kiện'!$E$4:$E$103, "Khách mời", '4. Chi tiết Sự kiện'!$H$4:$H$103, "Có", '4. Chi tiết Sự kiện'!$B$4:$B$103, ">="&$V$1, '4. Chi tiết Sự kiện'!$B$4:$B$103, "<="&$V$2) -> 0 | U11: =COUNTIFS('4. Chi tiết Sự kiện'!$F$4:$F$103, A11, '4. Chi tiết Sự kiện'!$B$4:$B$103, ">="&$V$1, '4. Chi tiết Sự kiện'!$B$4:$B$103, "<="&$V$2) -> 0 | V11: =COUNTIFS('4. Chi tiết Sự kiện'!$F$4:$F$103, A11, '4. Chi tiết Sự kiện'!$E$4:$E$103, "Khách mời", '4. Chi tiết Sự kiện'!$B$4:$B$103, ">="&$V$1, '4. Chi tiết Sự kiện'!$B$4:$B$103, "<="&$V$2) -> 0 | W11: =SUMIFS('4. Chi tiết Sự kiện'!$L$4:$L$103, '4. Chi tiết Sự kiện'!$C$4:$C$103, A11, '4. Chi tiết Sự kiện'!$B$4:$B$103, ">="&$V$1, '4. Chi tiết Sự kiện'!$B$4:$B$103, "<="&$V$2) -> 0 | X11: =SUMIFS('4. Chi tiết Sự kiện'!$M$4:$M$103, '4. Chi tiết Sự kiện'!$C$4:$C$103, A11, '4. Chi tiết Sự kiện'!$B$4:$B$103, ">="&$V$1, '4. Chi tiết Sự kiện'!$B$4:$B$103, "<="&$V$2) -> 0 | Y11: =SUMIFS('5. Nhật ký Hợp đồng'!$K$4:$K$103, '5. Nhật ký Hợp đồng'!$E$4:$E$103, A11, '5. Nhật ký Hợp đồng'!$N$4:$N$103, "Đã duyệt", '5. Nhật ký Hợp đồng'!$B$4:$B$103, ">="&$V$1, '5. Nhật ký Hợp đồng'!$B$4:$B$103, "<="&$V$2) + SUMIFS('5. Nhật ký Hợp đồng'!$L$4:$L$103, '5. Nhật ký Hợp đồng'!$G$4:$G$103, A11, '5. Nhật ký Hợp đồng'!$N$4:$N$103, "Đã duyệt", '5. Nhật ký Hợp đồng'!$B$4:$B$103, ">="&$V$1, '5. Nhật ký Hợp đồng'!$B$4:$B$103, "<="&$V$2) + SUMIFS('5. Nhật ký Hợp đồng'!$M$4:$M$103, '5. Nhật ký Hợp đồng'!$I$4:$I$103, A11, '5. Nhật ký Hợp đồng'!$N$4:$N$103, "Đã duyệt", '5. Nhật ký Hợp đồng'!$B$4:$B$103, ">="&$V$1, '5. Nhật ký Hợp đồng'!$B$4:$B$103, "<="&$V$2) -> 0 | Z11: =SUMIFS('7. Nhật ký Đào tạo'!$L$4:$L$103, '7. Nhật ký Đào tạo'!$B$4:$B$103, A11, '7. Nhật ký Đào tạo'!$K$4:$K$103, "Đã duyệt", '7. Nhật ký Đào tạo'!$M$4:$M$103, ">="&$V$1, '7. Nhật ký Đào tạo'!$M$4:$M$103, "<="&$V$2) -> 0 | AA11: =X11+Y11+Z11-W11 -> 0
A12: 0912345679 | B12: Phạm Văn An | C12: 0912345679 | D12: 001096006666 | E12: 19034444999 | F12: Techcombank | G12: an.pv@vov.vn | H12: Công ty | I12: Công ty | J12: Trưởng phòng | K12: Thép | L12: =COUNTIF($K$4:$K$40, K12) -> 2 | M12: =COUNTIFS($K$4:$K$40, K12, $J$4:$J$40, "Thành viên") -> 1 | N12: =COUNTIFS($K$4:$K$40, K12, $J$4:$J$40, "Trưởng phòng") -> 1 | O12: =COUNTIFS($K$4:$K$40, K12, $J$4:$J$40, "Phó Giám đốc") -> 0 | P12: =IF(J12="Giám đốc", IF(AND(L12>=20, O12>=1), "Giám đốc", "Thành viên"), IF(J12="Phó Giám đốc", IF(AND(L12>=10, N12>=1), "Phó Giám đốc", "Thành viên"), IF(J12="Trưởng phòng", IF(L12>=5, "Trưởng phòng", "Thành viên"), "Thành viên"))) -> Thành viên | Q12: 1 | R12: Có | S12: Không | T12: =COUNTIFS('4. Chi tiết Sự kiện'!$C$4:$C$103, A12, '4. Chi tiết Sự kiện'!$E$4:$E$103, "Khách mời", '4. Chi tiết Sự kiện'!$H$4:$H$103, "Có", '4. Chi tiết Sự kiện'!$B$4:$B$103, ">="&$V$1, '4. Chi tiết Sự kiện'!$B$4:$B$103, "<="&$V$2) -> 0 | U12: =COUNTIFS('4. Chi tiết Sự kiện'!$F$4:$F$103, A12, '4. Chi tiết Sự kiện'!$B$4:$B$103, ">="&$V$1, '4. Chi tiết Sự kiện'!$B$4:$B$103, "<="&$V$2) -> 0 | V12: =COUNTIFS('4. Chi tiết Sự kiện'!$F$4:$F$103, A12, '4. Chi tiết Sự kiện'!$E$4:$E$103, "Khách mời", '4. Chi tiết Sự kiện'!$B$4:$B$103, ">="&$V$1, '4. Chi tiết Sự kiện'!$B$4:$B$103, "<="&$V$2) -> 0 | W12: =SUMIFS('4. Chi tiết Sự kiện'!$L$4:$L$103, '4. Chi tiết Sự kiện'!$C$4:$C$103, A12, '4. Chi tiết Sự kiện'!$B$4:$B$103, ">="&$V$1, '4. Chi tiết Sự kiện'!$B$4:$B$103, "<="&$V$2) -> 0 | X12: =SUMIFS('4. Chi tiết Sự kiện'!$M$4:$M$103, '4. Chi tiết Sự kiện'!$C$4:$C$103, A12, '4. Chi tiết Sự kiện'!$B$4:$B$103, ">="&$V$1, '4. Chi tiết Sự kiện'!$B$4:$B$103, "<="&$V$2) -> 0 | Y12: =SUMIFS('5. Nhật ký Hợp đồng'!$K$4:$K$103, '5. Nhật ký Hợp đồng'!$E$4:$E$103, A12, '5. Nhật ký Hợp đồng'!$N$4:$N$103, "Đã duyệt", '5. Nhật ký Hợp đồng'!$B$4:$B$103, ">="&$V$1, '5. Nhật ký Hợp đồng'!$B$4:$B$103, "<="&$V$2) + SUMIFS('5. Nhật ký Hợp đồng'!$L$4:$L$103, '5. Nhật ký Hợp đồng'!$G$4:$G$103, A12, '5. Nhật ký Hợp đồng'!$N$4:$N$103, "Đã duyệt", '5. Nhật ký Hợp đồng'!$B$4:$B$103, ">="&$V$1, '5. Nhật ký Hợp đồng'!$B$4:$B$103, "<="&$V$2) + SUMIFS('5. Nhật ký Hợp đồng'!$M$4:$M$103, '5. Nhật ký Hợp đồng'!$I$4:$I$103, A12, '5. Nhật ký Hợp đồng'!$N$4:$N$103, "Đã duyệt", '5. Nhật ký Hợp đồng'!$B$4:$B$103, ">="&$V$1, '5. Nhật ký Hợp đồng'!$B$4:$B$103, "<="&$V$2) -> 12000000 | Z12: =SUMIFS('7. Nhật ký Đào tạo'!$L$4:$L$103, '7. Nhật ký Đào tạo'!$B$4:$B$103, A12, '7. Nhật ký Đào tạo'!$K$4:$K$103, "Đã duyệt", '7. Nhật ký Đào tạo'!$M$4:$M$103, ">="&$V$1, '7. Nhật ký Đào tạo'!$M$4:$M$103, "<="&$V$2) -> 0 | AA12: =X12+Y12+Z12-W12 -> 12000000
A13: 0912345680 | B13: Đặng Hoài Nam | C13: 0912345680 | D13: 001096007777 | E13: 19034444000 | F13: Techcombank | G13: nam.dh2@vov.vn | H13: 0912345679 | I13: Phạm Văn An | J13: Thành viên | K13: Thép | L13: =COUNTIF($K$4:$K$40, K13) -> 2 | M13: =COUNTIFS($K$4:$K$40, K13, $J$4:$J$40, "Thành viên") -> 1 | N13: =COUNTIFS($K$4:$K$40, K13, $J$4:$J$40, "Trưởng phòng") -> 1 | O13: =COUNTIFS($K$4:$K$40, K13, $J$4:$J$40, "Phó Giám đốc") -> 0 | P13: =IF(J13="Giám đốc", IF(AND(L13>=20, O13>=1), "Giám đốc", "Thành viên"), IF(J13="Phó Giám đốc", IF(AND(L13>=10, N13>=1), "Phó Giám đốc", "Thành viên"), IF(J13="Trưởng phòng", IF(L13>=5, "Trưởng phòng", "Thành viên"), "Thành viên"))) -> Thành viên | Q13: 0 | R13: Không | S13: Không | T13: =COUNTIFS('4. Chi tiết Sự kiện'!$C$4:$C$103, A13, '4. Chi tiết Sự kiện'!$E$4:$E$103, "Khách mời", '4. Chi tiết Sự kiện'!$H$4:$H$103, "Có", '4. Chi tiết Sự kiện'!$B$4:$B$103, ">="&$V$1, '4. Chi tiết Sự kiện'!$B$4:$B$103, "<="&$V$2) -> 0 | U13: =COUNTIFS('4. Chi tiết Sự kiện'!$F$4:$F$103, A13, '4. Chi tiết Sự kiện'!$B$4:$B$103, ">="&$V$1, '4. Chi tiết Sự kiện'!$B$4:$B$103, "<="&$V$2) -> 0 | V13: =COUNTIFS('4. Chi tiết Sự kiện'!$F$4:$F$103, A13, '4. Chi tiết Sự kiện'!$E$4:$E$103, "Khách mời", '4. Chi tiết Sự kiện'!$B$4:$B$103, ">="&$V$1, '4. Chi tiết Sự kiện'!$B$4:$B$103, "<="&$V$2) -> 0 | W13: =SUMIFS('4. Chi tiết Sự kiện'!$L$4:$L$103, '4. Chi tiết Sự kiện'!$C$4:$C$103, A13, '4. Chi tiết Sự kiện'!$B$4:$B$103, ">="&$V$1, '4. Chi tiết Sự kiện'!$B$4:$B$103, "<="&$V$2) -> 0 | X13: =SUMIFS('4. Chi tiết Sự kiện'!$M$4:$M$103, '4. Chi tiết Sự kiện'!$C$4:$C$103, A13, '4. Chi tiết Sự kiện'!$B$4:$B$103, ">="&$V$1, '4. Chi tiết Sự kiện'!$B$4:$B$103, "<="&$V$2) -> 0 | Y13: =SUMIFS('5. Nhật ký Hợp đồng'!$K$4:$K$103, '5. Nhật ký Hợp đồng'!$E$4:$E$103, A13, '5. Nhật ký Hợp đồng'!$N$4:$N$103, "Đã duyệt", '5. Nhật ký Hợp đồng'!$B$4:$B$103, ">="&$V$1, '5. Nhật ký Hợp đồng'!$B$4:$B$103, "<="&$V$2) + SUMIFS('5. Nhật ký Hợp đồng'!$L$4:$L$103, '5. Nhật ký Hợp đồng'!$G$4:$G$103, A13, '5. Nhật ký Hợp đồng'!$N$4:$N$103, "Đã duyệt", '5. Nhật ký Hợp đồng'!$B$4:$B$103, ">="&$V$1, '5. Nhật ký Hợp đồng'!$B$4:$B$103, "<="&$V$2) + SUMIFS('5. Nhật ký Hợp đồng'!$M$4:$M$103, '5. Nhật ký Hợp đồng'!$I$4:$I$103, A13, '5. Nhật ký Hợp đồng'!$N$4:$N$103, "Đã duyệt", '5. Nhật ký Hợp đồng'!$B$4:$B$103, ">="&$V$1, '5. Nhật ký Hợp đồng'!$B$4:$B$103, "<="&$V$2) -> 0 | Z13: =SUMIFS('7. Nhật ký Đào tạo'!$L$4:$L$103, '7. Nhật ký Đào tạo'!$B$4:$B$103, A13, '7. Nhật ký Đào tạo'!$K$4:$K$103, "Đã duyệt", '7. Nhật ký Đào tạo'!$M$4:$M$103, ">="&$V$1, '7. Nhật ký Đào tạo'!$M$4:$M$103, "<="&$V$2) -> 0 | AA13: =X13+Y13+Z13-W13 -> 0
A14: 0912345681 | B14: Trần Văn Phú | C14: 0912345681 | D14: 001096008888 | E14: 19034444111 | F14: Techcombank | G14: phu.tv@vov.vn | H14: Công ty | I14: Công ty | J14: Giám đốc | K14: Kim Cương | L14: =COUNTIF($K$4:$K$40, K14) -> 22 | M14: =COUNTIFS($K$4:$K$40, K14, $J$4:$J$40, "Thành viên") -> 19 | N14: =COUNTIFS($K$4:$K$40, K14, $J$4:$J$40, "Trưởng phòng") -> 1 | O14: =COUNTIFS($K$4:$K$40, K14, $J$4:$J$40, "Phó Giám đốc") -> 1 | P14: =IF(J14="Giám đốc", IF(AND(L14>=20, O14>=1), "Giám đốc", "Thành viên"), IF(J14="Phó Giám đốc", IF(AND(L14>=10, N14>=1), "Phó Giám đốc", "Thành viên"), IF(J14="Trưởng phòng", IF(L14>=5, "Trưởng phòng", "Thành viên"), "Thành viên"))) -> Giám đốc | Q14: 0 | R14: Có | S14: Có | T14: =COUNTIFS('4. Chi tiết Sự kiện'!$C$4:$C$103, A14, '4. Chi tiết Sự kiện'!$E$4:$E$103, "Khách mời", '4. Chi tiết Sự kiện'!$H$4:$H$103, "Có", '4. Chi tiết Sự kiện'!$B$4:$B$103, ">="&$V$1, '4. Chi tiết Sự kiện'!$B$4:$B$103, "<="&$V$2) -> 0 | U14: =COUNTIFS('4. Chi tiết Sự kiện'!$F$4:$F$103, A14, '4. Chi tiết Sự kiện'!$B$4:$B$103, ">="&$V$1, '4. Chi tiết Sự kiện'!$B$4:$B$103, "<="&$V$2) -> 0 | V14: =COUNTIFS('4. Chi tiết Sự kiện'!$F$4:$F$103, A14, '4. Chi tiết Sự kiện'!$E$4:$E$103, "Khách mời", '4. Chi tiết Sự kiện'!$B$4:$B$103, ">="&$V$1, '4. Chi tiết Sự kiện'!$B$4:$B$103, "<="&$V$2) -> 0 | W14: =SUMIFS('4. Chi tiết Sự kiện'!$L$4:$L$103, '4. Chi tiết Sự kiện'!$C$4:$C$103, A14, '4. Chi tiết Sự kiện'!$B$4:$B$103, ">="&$V$1, '4. Chi tiết Sự kiện'!$B$4:$B$103, "<="&$V$2) -> 0 | X14: =SUMIFS('4. Chi tiết Sự kiện'!$M$4:$M$103, '4. Chi tiết Sự kiện'!$C$4:$C$103, A14, '4. Chi tiết Sự kiện'!$B$4:$B$103, ">="&$V$1, '4. Chi tiết Sự kiện'!$B$4:$B$103, "<="&$V$2) -> 0 | Y14: =SUMIFS('5. Nhật ký Hợp đồng'!$K$4:$K$103, '5. Nhật ký Hợp đồng'!$E$4:$E$103, A14, '5. Nhật ký Hợp đồng'!$N$4:$N$103, "Đã duyệt", '5. Nhật ký Hợp đồng'!$B$4:$B$103, ">="&$V$1, '5. Nhật ký Hợp đồng'!$B$4:$B$103, "<="&$V$2) + SUMIFS('5. Nhật ký Hợp đồng'!$L$4:$L$103, '5. Nhật ký Hợp đồng'!$G$4:$G$103, A14, '5. Nhật ký Hợp đồng'!$N$4:$N$103, "Đã duyệt", '5. Nhật ký Hợp đồng'!$B$4:$B$103, ">="&$V$1, '5. Nhật ký Hợp đồng'!$B$4:$B$103, "<="&$V$2) + SUMIFS('5. Nhật ký Hợp đồng'!$M$4:$M$103, '5. Nhật ký Hợp đồng'!$I$4:$I$103, A14, '5. Nhật ký Hợp đồng'!$N$4:$N$103, "Đã duyệt", '5. Nhật ký Hợp đồng'!$B$4:$B$103, ">="&$V$1, '5. Nhật ký Hợp đồng'!$B$4:$B$103, "<="&$V$2) -> 0 | Z14: =SUMIFS('7. Nhật ký Đào tạo'!$L$4:$L$103, '7. Nhật ký Đào tạo'!$B$4:$B$103, A14, '7. Nhật ký Đào tạo'!$K$4:$K$103, "Đã duyệt", '7. Nhật ký Đào tạo'!$M$4:$M$103, ">="&$V$1, '7. Nhật ký Đào tạo'!$M$4:$M$103, "<="&$V$2) -> 0 | AA14: =X14+Y14+Z14-W14 -> 0
A15: 0912345682 | B15: Nguyễn Thị Bình | C15: 0912345682 | D15: 001096009999 | E15: 19034444222 | F15: Techcombank | G15: binh.nt@vov.vn | H15: 0912345681 | I15: Trần Văn Phú | J15: Phó Giám đốc | K15: Kim Cương | L15: =COUNTIF($K$4:$K$40, K15) -> 22 | M15: =COUNTIFS($K$4:$K$40, K15, $J$4:$J$40, "Thành viên") -> 19 | N15: =COUNTIFS($K$4:$K$40, K15, $J$4:$J$40, "Trưởng phòng") -> 1 | O15: =COUNTIFS($K$4:$K$40, K15, $J$4:$J$40, "Phó Giám đốc") -> 1 | P15: =IF(J15="Giám đốc", IF(AND(L15>=20, O15>=1), "Giám đốc", "Thành viên"), IF(J15="Phó Giám đốc", IF(AND(L15>=10, N15>=1), "Phó Giám đốc", "Thành viên"), IF(J15="Trưởng phòng", IF(L15>=5, "Trưởng phòng", "Thành viên"), "Thành viên"))) -> Phó Giám đốc | Q15: 0 | R15: Có | S15: Có | T15: =COUNTIFS('4. Chi tiết Sự kiện'!$C$4:$C$103, A15, '4. Chi tiết Sự kiện'!$E$4:$E$103, "Khách mời", '4. Chi tiết Sự kiện'!$H$4:$H$103, "Có", '4. Chi tiết Sự kiện'!$B$4:$B$103, ">="&$V$1, '4. Chi tiết Sự kiện'!$B$4:$B$103, "<="&$V$2) -> 0 | U15: =COUNTIFS('4. Chi tiết Sự kiện'!$F$4:$F$103, A15, '4. Chi tiết Sự kiện'!$B$4:$B$103, ">="&$V$1, '4. Chi tiết Sự kiện'!$B$4:$B$103, "<="&$V$2) -> 0 | V15: =COUNTIFS('4. Chi tiết Sự kiện'!$F$4:$F$103, A15, '4. Chi tiết Sự kiện'!$E$4:$E$103, "Khách mời", '4. Chi tiết Sự kiện'!$B$4:$B$103, ">="&$V$1, '4. Chi tiết Sự kiện'!$B$4:$B$103, "<="&$V$2) -> 0 | W15: =SUMIFS('4. Chi tiết Sự kiện'!$L$4:$L$103, '4. Chi tiết Sự kiện'!$C$4:$C$103, A15, '4. Chi tiết Sự kiện'!$B$4:$B$103, ">="&$V$1, '4. Chi tiết Sự kiện'!$B$4:$B$103, "<="&$V$2) -> 0 | X15: =SUMIFS('4. Chi tiết Sự kiện'!$M$4:$M$103, '4. Chi tiết Sự kiện'!$C$4:$C$103, A15, '4. Chi tiết Sự kiện'!$B$4:$B$103, ">="&$V$1, '4. Chi tiết Sự kiện'!$B$4:$B$103, "<="&$V$2) -> 0 | Y15: =SUMIFS('5. Nhật ký Hợp đồng'!$K$4:$K$103, '5. Nhật ký Hợp đồng'!$E$4:$E$103, A15, '5. Nhật ký Hợp đồng'!$N$4:$N$103, "Đã duyệt", '5. Nhật ký Hợp đồng'!$B$4:$B$103, ">="&$V$1, '5. Nhật ký Hợp đồng'!$B$4:$B$103, "<="&$V$2) + SUMIFS('5. Nhật ký Hợp đồng'!$L$4:$L$103, '5. Nhật ký Hợp đồng'!$G$4:$G$103, A15, '5. Nhật ký Hợp đồng'!$N$4:$N$103, "Đã duyệt", '5. Nhật ký Hợp đồng'!$B$4:$B$103, ">="&$V$1, '5. Nhật ký Hợp đồng'!$B$4:$B$103, "<="&$V$2) + SUMIFS('5. Nhật ký Hợp đồng'!$M$4:$M$103, '5. Nhật ký Hợp đồng'!$I$4:$I$103, A15, '5. Nhật ký Hợp đồng'!$N$4:$N$103, "Đã duyệt", '5. Nhật ký Hợp đồng'!$B$4:$B$103, ">="&$V$1, '5. Nhật ký Hợp đồng'!$B$4:$B$103, "<="&$V$2) -> 0 | Z15: =SUMIFS('7. Nhật ký Đào tạo'!$L$4:$L$103, '7. Nhật ký Đào tạo'!$B$4:$B$103, A15, '7. Nhật ký Đào tạo'!$K$4:$K$103, "Đã duyệt", '7. Nhật ký Đào tạo'!$M$4:$M$103, ">="&$V$1, '7. Nhật ký Đào tạo'!$M$4:$M$103, "<="&$V$2) -> 0 | AA15: =X15+Y15+Z15-W15 -> 0
... A40: 0987654325 | B40: Khách mời Trịnh Công Sơn | C40: 0987654325 | D40: 001096000000 | E40: 00710004444 | F40: Vietcombank | G40: son.tc@vov.vn | H40: 0912345671 | I40: Nguyễn Văn Hoàng | J40: Thành viên | K40: Không hoạt động | L40: =COUNTIF($K$4:$K$40, K40) -> 5 | M40: =COUNTIFS($K$4:$K$40, K40, $J$4:$J$40, "Thành viên") -> 5 | N40: =COUNTIFS($K$4:$K$40, K40, $J$4:$J$40, "Trưởng phòng") -> 0 | O40: =COUNTIFS($K$4:$K$40, K40, $J$4:$J$40, "Phó Giám đốc") -> 0 | P40: =IF(J40="Giám đốc", IF(AND(L40>=20, O40>=1), "Giám đốc", "Thành viên"), IF(J40="Phó Giám đốc", IF(AND(L40>=10, N40>=1), "Phó Giám đốc", "Thành viên"), IF(J40="Trưởng phòng", IF(L40>=5, "Trưởng phòng", "Thành viên"), "Thành viên"))) -> Thành viên | Q40: 0 | R40: Có | S40: Có | T40: =COUNTIFS('4. Chi tiết Sự kiện'!$C$4:$C$103, A40, '4. Chi tiết Sự kiện'!$E$4:$E$103, "Khách mời", '4. Chi tiết Sự kiện'!$H$4:$H$103, "Có", '4. Chi tiết Sự kiện'!$B$4:$B$103, ">="&$V$1, '4. Chi tiết Sự kiện'!$B$4:$B$103, "<="&$V$2) -> 1 | U40: =COUNTIFS('4. Chi tiết Sự kiện'!$F$4:$F$103, A40, '4. Chi tiết Sự kiện'!$B$4:$B$103, ">="&$V$1, '4. Chi tiết Sự kiện'!$B$4:$B$103, "<="&$V$2) -> 0 | V40: =COUNTIFS('4. Chi tiết Sự kiện'!$F$4:$F$103, A40, '4. Chi tiết Sự kiện'!$E$4:$E$103, "Khách mời", '4. Chi tiết Sự kiện'!$B$4:$B$103, ">="&$V$1, '4. Chi tiết Sự kiện'!$B$4:$B$103, "<="&$V$2) -> 0 | W40: =SUMIFS('4. Chi tiết Sự kiện'!$L$4:$L$103, '4. Chi tiết Sự kiện'!$C$4:$C$103, A40, '4. Chi tiết Sự kiện'!$B$4:$B$103, ">="&$V$1, '4. Chi tiết Sự kiện'!$B$4:$B$103, "<="&$V$2) -> 0 | X40: =SUMIFS('4. Chi tiết Sự kiện'!$M$4:$M$103, '4. Chi tiết Sự kiện'!$C$4:$C$103, A40, '4. Chi tiết Sự kiện'!$B$4:$B$103, ">="&$V$1, '4. Chi tiết Sự kiện'!$B$4:$B$103, "<="&$V$2) -> 0 | Y40: =SUMIFS('5. Nhật ký Hợp đồng'!$K$4:$K$103, '5. Nhật ký Hợp đồng'!$E$4:$E$103, A40, '5. Nhật ký Hợp đồng'!$N$4:$N$103, "Đã duyệt", '5. Nhật ký Hợp đồng'!$B$4:$B$103, ">="&$V$1, '5. Nhật ký Hợp đồng'!$B$4:$B$103, "<="&$V$2) + SUMIFS('5. Nhật ký Hợp đồng'!$L$4:$L$103, '5. Nhật ký Hợp đồng'!$G$4:$G$103, A40, '5. Nhật ký Hợp đồng'!$N$4:$N$103, "Đã duyệt", '5. Nhật ký Hợp đồng'!$B$4:$B$103, ">="&$V$1, '5. Nhật ký Hợp đồng'!$B$4:$B$103, "<="&$V$2) + SUMIFS('5. Nhật ký Hợp đồng'!$M$4:$M$103, '5. Nhật ký Hợp đồng'!$I$4:$I$103, A40, '5. Nhật ký Hợp đồng'!$N$4:$N$103, "Đã duyệt", '5. Nhật ký Hợp đồng'!$B$4:$B$103, ">="&$V$1, '5. Nhật ký Hợp đồng'!$B$4:$B$103, "<="&$V$2) -> 0 | Z40: =SUMIFS('7. Nhật ký Đào tạo'!$L$4:$L$103, '7. Nhật ký Đào tạo'!$B$4:$B$103, A40, '7. Nhật ký Đào tạo'!$K$4:$K$103, "Đã duyệt", '7. Nhật ký Đào tạo'!$M$4:$M$103, ">="&$V$1, '7. Nhật ký Đào tạo'!$M$4:$M$103, "<="&$V$2) -> 0 | AA40: =X40+Y40+Z40-W40 -> 0
A41: TỔNG CỘNG | L41: =SUM(L4:L40) -> 577 | M41: =SUM(M4:M40) -> 485 | N41: =SUM(N4:N40) -> 32 | O41: =SUM(O4:O40) -> 30 | T41: =SUM(T4:T40) -> 8 | U41: =SUM(U4:U40) -> 9 | V41: =SUM(V4:V40) -> 8 | W41: =SUM(W4:W40) -> 0 | X41: =SUM(X4:X40) -> 3000000 | Y41: =SUM(Y4:Y40) -> 37500000 | Z41: =SUM(Z4:Z40) -> 16000000 | AA41: =SUM(AA4:AA40) -> 56500000

Sheet 3. Nhật ký Sự kiện
A1: NHẬT KÝ QUẢN LÝ SỰ KIỆN & CHI PHÍ
A3: Mã Sự kiện | B3: Ngày tổ chức | C3: Tên Sự kiện / Tiệc trà | D3: Địa điểm | E3: Tổng người tham gia | F3: Số lượng Khách mời tham gia | G3: Số lượng Khách mời tham gia đăng ký ăn trà | H3: Số lượng Khách mời không ăn | I3: Tổng thù lao nhân sự (VND) | J3: Tổng Chi phí Tiệc trà (Cty) | K3: Tổng chi phí Sự kiện (VND) | L3: Trạng thái
A4: ST001 | B4: 46235 | C4: Sự kiện Đại hội ra quân | D4: P. Đại Mỗ | E4: =COUNTIF('4. Chi tiết Sự kiện'!$A$4:$A$103, A4) -> 8 | F4: =COUNTIFS('4. Chi tiết Sự kiện'!$A$4:$A$103, A4, '4. Chi tiết Sự kiện'!$E$4:$E$103, "Khách mời") -> 2 | G4: =COUNTIFS('4. Chi tiết Sự kiện'!$A$4:$A$103, A4, '4. Chi tiết Sự kiện'!$E$4:$E$103, "Khách mời", '4. Chi tiết Sự kiện'!$H$4:$H$103, "Có") -> 2 | H4: =COUNTIFS('4. Chi tiết Sự kiện'!$A$4:$A$103, A4, '4. Chi tiết Sự kiện'!$E$4:$E$103, "Khách mời", '4. Chi tiết Sự kiện'!$H$4:$H$103, "Không") -> 0 | I4: =SUMIFS('4. Chi tiết Sự kiện'!$M$4:$M$103, '4. Chi tiết Sự kiện'!$A$4:$A$103, A4) -> 1100000 | J4: =SUMIFS('4. Chi tiết Sự kiện'!$K$4:$K$103, '4. Chi tiết Sự kiện'!$A$4:$A$103, A4) -> 350000 | K4: =I4+J4 -> 1450000 | L4: Đã hoàn thành
A5: ST002 | B5: 46242 | C5: Sự kiện Vĩnh Phúc kết nối | D5: Vĩnh Phúc | E5: =COUNTIF('4. Chi tiết Sự kiện'!$A$4:$A$103, A5) -> 7 | F5: =COUNTIFS('4. Chi tiết Sự kiện'!$A$4:$A$103, A5, '4. Chi tiết Sự kiện'!$E$4:$E$103, "Khách mời") -> 3 | G5: =COUNTIFS('4. Chi tiết Sự kiện'!$A$4:$A$103, A5, '4. Chi tiết Sự kiện'!$E$4:$E$103, "Khách mời", '4. Chi tiết Sự kiện'!$H$4:$H$103, "Có") -> 3 | H5: =COUNTIFS('4. Chi tiết Sự kiện'!$A$4:$A$103, A5, '4. Chi tiết Sự kiện'!$E$4:$E$103, "Khách mời", '4. Chi tiết Sự kiện'!$H$4:$H$103, "Không") -> 0 | I5: =SUMIFS('4. Chi tiết Sự kiện'!$M$4:$M$103, '4. Chi tiết Sự kiện'!$A$4:$A$103, A5) -> 1100000 | J5: =SUMIFS('4. Chi tiết Sự kiện'!$K$4:$K$103, '4. Chi tiết Sự kiện'!$A$4:$A$103, A5) -> 350000 | K5: =I5+J5 -> 1450000 | L5: Đã hoàn thành
A6: ST003 | B6: 46249 | C6: Hội nghị khách hàng Hà Đông | D6: Hà Đông | E6: =COUNTIF('4. Chi tiết Sự kiện'!$A$4:$A$103, A6) -> 6 | F6: =COUNTIFS('4. Chi tiết Sự kiện'!$A$4:$A$103, A6, '4. Chi tiết Sự kiện'!$E$4:$E$103, "Khách mời") -> 3 | G6: =COUNTIFS('4. Chi tiết Sự kiện'!$A$4:$A$103, A6, '4. Chi tiết Sự kiện'!$E$4:$E$103, "Khách mời", '4. Chi tiết Sự kiện'!$H$4:$H$103, "Có") -> 3 | H6: =COUNTIFS('4. Chi tiết Sự kiện'!$A$4:$A$103, A6, '4. Chi tiết Sự kiện'!$E$4:$E$103, "Khách mời", '4. Chi tiết Sự kiện'!$H$4:$H$103, "Không") -> 0 | I6: =SUMIFS('4. Chi tiết Sự kiện'!$M$4:$M$103, '4. Chi tiết Sự kiện'!$A$4:$A$103, A6) -> 800000 | J6: =SUMIFS('4. Chi tiết Sự kiện'!$K$4:$K$103, '4. Chi tiết Sự kiện'!$A$4:$A$103, A6) -> 300000 | K6: =I6+J6 -> 1100000 | L6: Đã hoàn thành
A7: ST004 | B7: 46254 | C7: Tiệc trà định kỳ | D7: Hà Đông | E7: =COUNTIF('4. Chi tiết Sự kiện'!$A$4:$A$103, A7) -> 0 | F7: =COUNTIFS('4. Chi tiết Sự kiện'!$A$4:$A$103, A7, '4. Chi tiết Sự kiện'!$E$4:$E$103, "Khách mời") -> 0 | G7: =COUNTIFS('4. Chi tiết Sự kiện'!$A$4:$A$103, A7, '4. Chi tiết Sự kiện'!$E$4:$E$103, "Khách mời", '4. Chi tiết Sự kiện'!$H$4:$H$103, "Có") -> 0 | H7: =COUNTIFS('4. Chi tiết Sự kiện'!$A$4:$A$103, A7, '4. Chi tiết Sự kiện'!$E$4:$E$103, "Khách mời", '4. Chi tiết Sự kiện'!$H$4:$H$103, "Không") -> 0 | I7: =SUMIFS('4. Chi tiết Sự kiện'!$M$4:$M$103, '4. Chi tiết Sự kiện'!$A$4:$A$103, A7) -> 0 | J7: =SUMIFS('4. Chi tiết Sự kiện'!$K$4:$K$103, '4. Chi tiết Sự kiện'!$A$4:$A$103, A7) -> 0 | K7: =I7+J7 -> 0 | L7: Chờ duyệt
A8: ST005 | B8: 46256 | C8: Tiệc trà định kỳ | D8: Hà Đông | E8: =COUNTIF('4. Chi tiết Sự kiện'!$A$4:$A$103, A8) -> 0 | F8: =COUNTIFS('4. Chi tiết Sự kiện'!$A$4:$A$103, A8, '4. Chi tiết Sự kiện'!$E$4:$E$103, "Khách mời") -> 0 | G8: =COUNTIFS('4. Chi tiết Sự kiện'!$A$4:$A$103, A8, '4. Chi tiết Sự kiện'!$E$4:$E$103, "Khách mời", '4. Chi tiết Sự kiện'!$H$4:$H$103, "Có") -> 0 | H8: =COUNTIFS('4. Chi tiết Sự kiện'!$A$4:$A$103, A8, '4. Chi tiết Sự kiện'!$E$4:$E$103, "Khách mời", '4. Chi tiết Sự kiện'!$H$4:$H$103, "Không") -> 0 | I8: =SUMIFS('4. Chi tiết Sự kiện'!$M$4:$M$103, '4. Chi tiết Sự kiện'!$A$4:$A$103, A8) -> 0 | J8: =SUMIFS('4. Chi tiết Sự kiện'!$K$4:$K$103, '4. Chi tiết Sự kiện'!$A$4:$A$103, A8) -> 0 | K8: =I8+J8 -> 0 | L8: Chờ duyệt
A9: ST006 | B9: 46259 | C9: Tiệc trà định kỳ | D9: Hà Đông | E9: =COUNTIF('4. Chi tiết Sự kiện'!$A$4:$A$103, A9) -> 0 | F9: =COUNTIFS('4. Chi tiết Sự kiện'!$A$4:$A$103, A9, '4. Chi tiết Sự kiện'!$E$4:$E$103, "Khách mời") -> 0 | G9: =COUNTIFS('4. Chi tiết Sự kiện'!$A$4:$A$103, A9, '4. Chi tiết Sự kiện'!$E$4:$E$103, "Khách mời", '4. Chi tiết Sự kiện'!$H$4:$H$103, "Có") -> 0 | H9: =COUNTIFS('4. Chi tiết Sự kiện'!$A$4:$A$103, A9, '4. Chi tiết Sự kiện'!$E$4:$E$103, "Khách mời", '4. Chi tiết Sự kiện'!$H$4:$H$103, "Không") -> 0 | I9: =SUMIFS('4. Chi tiết Sự kiện'!$M$4:$M$103, '4. Chi tiết Sự kiện'!$A$4:$A$103, A9) -> 0 | J9: =SUMIFS('4. Chi tiết Sự kiện'!$K$4:$K$103, '4. Chi tiết Sự kiện'!$A$4:$A$103, A9) -> 0 | K9: =I9+J9 -> 0 | L9: Chờ duyệt
A10: ST007 | B10: 46262 | C10: Tiệc trà định kỳ | D10: Hà Đông | E10: =COUNTIF('4. Chi tiết Sự kiện'!$A$4:$A$103, A10) -> 0 | F10: =COUNTIFS('4. Chi tiết Sự kiện'!$A$4:$A$103, A10, '4. Chi tiết Sự kiện'!$E$4:$E$103, "Khách mời") -> 0 | G10: =COUNTIFS('4. Chi tiết Sự kiện'!$A$4:$A$103, A10, '4. Chi tiết Sự kiện'!$E$4:$E$103, "Khách mời", '4. Chi tiết Sự kiện'!$H$4:$H$103, "Có") -> 0 | H10: =COUNTIFS('4. Chi tiết Sự kiện'!$A$4:$A$103, A10, '4. Chi tiết Sự kiện'!$E$4:$E$103, "Khách mời", '4. Chi tiết Sự kiện'!$H$4:$H$103, "Không") -> 0 | I10: =SUMIFS('4. Chi tiết Sự kiện'!$M$4:$M$103, '4. Chi tiết Sự kiện'!$A$4:$A$103, A10) -> 0 | J10: =SUMIFS('4. Chi tiết Sự kiện'!$K$4:$K$103, '4. Chi tiết Sự kiện'!$A$4:$A$103, A10) -> 0 | K10: =I10+J10 -> 0 | L10: Chờ duyệt
A11: TỔNG CỘNG | E11: =SUM(E4:E10) -> 21 | F11: =SUM(F4:F10) -> 8 | G11: =SUM(G4:G10) -> 8 | H11: =SUM(H4:H10) -> 0 | I11: =SUM(I4:I10) -> 3000000 | J11: =SUM(J4:J10) -> 1000000 | K11: =SUM(K4:K10) -> 4000000

Sheet 4. Chi tiết Sự kiện
A1: BẢNG THEO DÕI TOÀN BỘ NGƯỜI THAM GIA, PHÂN VAI & CHI PHÍ TIỆC TRÀ
A3: Mã Sự kiện | B3: Ngày tổ chức | C3: Mã TV (SĐT) | D3: Họ Tên | E3: Vai trò tham gia | F3: Người mời (Mã TV) | G3: Họ tên Người mời | H3: Đăng ký ăn tiệc trà? (Có/Không) | I3: Lần làm Khách mời (Lũy kế) | J3: Duyệt Công ty hỗ trợ? (Nếu > 5 lần) | K3: Công ty Hỗ trợ tiệc trà (VND) | L3: Khách tự đóng tiệc trà (VND) | M3: Thù lao Sự kiện (VND)
A4: ST001 | B4: 46235 | C4: 0912345671 | D4: Nguyễn Văn Hoàng | E4: MC | H4: Có | I4: =IF(AND(E4="Khách mời", H4="Có"), COUNTIFS($C$4:C4, C4, $E$4:E4, "Khách mời", $H$4:H4, "Có"), 0) -> 0 | J4: Không | K4: =IF(H4="Có", IF(E4<>"Khách mời", 50000, IF(I4<=5, 50000, IF(J4="Có", 50000, 0))), 0) -> 50000 | L4: =IF(AND(H4="Có", E4="Khách mời", I4>5, J4<>"Có"), 50000, 0) -> 0 | M4: =IF(E4="MC", 200000/COUNTIFS($A$4:$A$103, A4, $E$4:$E$103, "MC"), IF(E4="Phụng sự", 300000/COUNTIFS($A$4:$A$103, A4, $E$4:$E$103, "Phụng sự"), IF(E4="Thuyết trình", 300000/COUNTIFS($A$4:$A$103, A4, $E$4:$E$103, "Thuyết trình"), IF(E4="Chốt sự kiện", 300000/COUNTIFS($A$4:$A$103, A4, $E$4:$E$103, "Chốt sự kiện"), 0)))) -> 100000
A5: ST001 | B5: 46235 | C5: 0912345672 | D5: Lê Minh Anh | E5: MC | H5: Không | I5: =IF(AND(E5="Khách mời", H5="Có"), COUNTIFS($C$4:C5, C5, $E$4:E5, "Khách mời", $H$4:H5, "Có"), 0) -> 0 | J5: Không | K5: =IF(H5="Có", IF(E5<>"Khách mời", 50000, IF(I5<=5, 50000, IF(J5="Có", 50000, 0))), 0) -> 0 | L5: =IF(AND(H5="Có", E5="Khách mời", I5>5, J5<>"Có"), 50000, 0) -> 0 | M5: =IF(E5="MC", 200000/COUNTIFS($A$4:$A$103, A5, $E$4:$E$103, "MC"), IF(E5="Phụng sự", 300000/COUNTIFS($A$4:$A$103, A5, $E$4:$E$103, "Phụng sự"), IF(E5="Thuyết trình", 300000/COUNTIFS($A$4:$A$103, A5, $E$4:$E$103, "Thuyết trình"), IF(E5="Chốt sự kiện", 300000/COUNTIFS($A$4:$A$103, A5, $E$4:$E$103, "Chốt sự kiện"), 0)))) -> 100000
A6: ST001 | B6: 46235 | C6: 0912345673 | D6: Trần Thị Vân | E6: Thuyết trình | H6: Có | I6: =IF(AND(E6="Khách mời", H6="Có"), COUNTIFS($C$4:C6, C6, $E$4:E6, "Khách mời", $H$4:H6, "Có"), 0) -> 0 | J6: Không | K6: =IF(H6="Có", IF(E6<>"Khách mời", 50000, IF(I6<=5, 50000, IF(J6="Có", 50000, 0))), 0) -> 50000 | L6: =IF(AND(H6="Có", E6="Khách mời", I6>5, J6<>"Có"), 50000, 0) -> 0 | M6: =IF(E6="MC", 200000/COUNTIFS($A$4:$A$103, A6, $E$4:$E$103, "MC"), IF(E6="Phụng sự", 300000/COUNTIFS($A$4:$A$103, A6, $E$4:$E$103, "Phụng sự"), IF(E6="Thuyết trình", 300000/COUNTIFS($A$4:$A$103, A6, $E$4:$E$103, "Thuyết trình"), IF(E6="Chốt sự kiện", 300000/COUNTIFS($A$4:$A$103, A6, $E$4:$E$103, "Chốt sự kiện"), 0)))) -> 300000
A7: ST001 | B7: 46235 | C7: 0912345674 | D7: Bùi Minh Đức | E7: Phụng sự | H7: Có | I7: =IF(AND(E7="Khách mời", H7="Có"), COUNTIFS($C$4:C7, C7, $E$4:E7, "Khách mời", $H$4:H7, "Có"), 0) -> 0 | J7: Không | K7: =IF(H7="Có", IF(E7<>"Khách mời", 50000, IF(I7<=5, 50000, IF(J7="Có", 50000, 0))), 0) -> 50000 | L7: =IF(AND(H7="Có", E7="Khách mời", I7>5, J7<>"Có"), 50000, 0) -> 0 | M7: =IF(E7="MC", 200000/COUNTIFS($A$4:$A$103, A7, $E$4:$E$103, "MC"), IF(E7="Phụng sự", 300000/COUNTIFS($A$4:$A$103, A7, $E$4:$E$103, "Phụng sự"), IF(E7="Thuyết trình", 300000/COUNTIFS($A$4:$A$103, A7, $E$4:$E$103, "Thuyết trình"), IF(E7="Chốt sự kiện", 300000/COUNTIFS($A$4:$A$103, A7, $E$4:$E$103, "Chốt sự kiện"), 0)))) -> 150000
A8: ST001 | B8: 46235 | C8: 0912345675 | D8: Ngô Thanh Hải | E8: Phụng sự | H8: Có | I8: =IF(AND(E8="Khách mời", H8="Có"), COUNTIFS($C$4:C8, C8, $E$4:E8, "Khách mời", $H$4:H8, "Có"), 0) -> 0 | J8: Không | K8: =IF(H8="Có", IF(E8<>"Khách mời", 50000, IF(I8<=5, 50000, IF(J8="Có", 50000, 0))), 0) -> 50000 | L8: =IF(AND(H8="Có", E8="Khách mời", I8>5, J8<>"Có"), 50000, 0) -> 0 | M8: =IF(E8="MC", 200000/COUNTIFS($A$4:$A$103, A8, $E$4:$E$103, "MC"), IF(E8="Phụng sự", 300000/COUNTIFS($A$4:$A$103, A8, $E$4:$E$103, "Phụng sự"), IF(E8="Thuyết trình", 300000/COUNTIFS($A$4:$A$103, A8, $E$4:$E$103, "Thuyết trình"), IF(E8="Chốt sự kiện", 300000/COUNTIFS($A$4:$A$103, A8, $E$4:$E$103, "Chốt sự kiện"), 0)))) -> 150000
A9: ST001 | B9: 46235 | C9: 0987654321 | D9: Khách mời Chu Văn Hội | E9: Khách mời | F9: 0912345671 | G9: Nguyễn Văn Hoàng | H9: Có | I9: =IF(AND(E9="Khách mời", H9="Có"), COUNTIFS($C$4:C9, C9, $E$4:E9, "Khách mời", $H$4:H9, "Có"), 0) -> 1 | J9: Không | K9: =IF(H9="Có", IF(E9<>"Khách mời", 50000, IF(I9<=5, 50000, IF(J9="Có", 50000, 0))), 0) -> 50000 | L9: =IF(AND(H9="Có", E9="Khách mời", I9>5, J9<>"Có"), 50000, 0) -> 0 | M9: =IF(E9="MC", 200000/COUNTIFS($A$4:$A$103, A9, $E$4:$E$103, "MC"), IF(E9="Phụng sự", 300000/COUNTIFS($A$4:$A$103, A9, $E$4:$E$103, "Phụng sự"), IF(E9="Thuyết trình", 300000/COUNTIFS($A$4:$A$103, A9, $E$4:$E$103, "Thuyết trình"), IF(E9="Chốt sự kiện", 300000/COUNTIFS($A$4:$A$103, A9, $E$4:$E$103, "Chốt sự kiện"), 0)))) -> 0
A10: ST001 | B10: 46235 | C10: 0987654322 | D10: Khách mời Nguyễn Thị Kim | E10: Khách mời | F10: 0912345672 | G10: Lê Minh Anh | H10: Có | I10: =IF(AND(E10="Khách mời", H10="Có"), COUNTIFS($C$4:C10, C10, $E$4:E10, "Khách mời", $H$4:H10, "Có"), 0) -> 1 | J10: Không | K10: =IF(H10="Có", IF(E10<>"Khách mời", 50000, IF(I10<=5, 50000, IF(J10="Có", 50000, 0))), 0) -> 50000 | L10: =IF(AND(H10="Có", E10="Khách mời", I10>5, J10<>"Có"), 50000, 0) -> 0 | M10: =IF(E10="MC", 200000/COUNTIFS($A$4:$A$103, A10, $E$4:$E$103, "MC"), IF(E10="Phụng sự", 300000/COUNTIFS($A$4:$A$103, A10, $E$4:$E$103, "Phụng sự"), IF(E10="Thuyết trình", 300000/COUNTIFS($A$4:$A$103, A10, $E$4:$E$103, "Thuyết trình"), IF(E10="Chốt sự kiện", 300000/COUNTIFS($A$4:$A$103, A10, $E$4:$E$103, "Chốt sự kiện"), 0)))) -> 0
A11: ST001 | B11: 46235 | C11: 0987654323 | D11: Khách mời Phùng sự Nhóm | E11: Chốt sự kiện | F11: 0912345672 | G11: Lê Minh Anh | H11: Có | I11: =IF(AND(E11="Khách mời", H11="Có"), COUNTIFS($C$4:C11, C11, $E$4:E11, "Khách mời", $H$4:H11, "Có"), 0) -> 0 | J11: Không | K11: =IF(H11="Có", IF(E11<>"Khách mời", 50000, IF(I11<=5, 50000, IF(J11="Có", 50000, 0))), 0) -> 50000 | L11: =IF(AND(H11="Có", E11="Khách mời", I11>5, J11<>"Có"), 50000, 0) -> 0 | M11: =IF(E11="MC", 200000/COUNTIFS($A$4:$A$103, A11, $E$4:$E$103, "MC"), IF(E11="Phụng sự", 300000/COUNTIFS($A$4:$A$103, A11, $E$4:$E$103, "Phụng sự"), IF(E11="Thuyết trình", 300000/COUNTIFS($A$4:$A$103, A11, $E$4:$E$103, "Thuyết trình"), IF(E11="Chốt sự kiện", 300000/COUNTIFS($A$4:$A$103, A11, $E$4:$E$103, "Chốt sự kiện"), 0)))) -> 300000
A12: ST002 | B12: 46242 | C12: 0912345671 | D12: Nguyễn Văn Hoàng | E12: MC | H12: Có | I12: =IF(AND(E12="Khách mời", H12="Có"), COUNTIFS($C$4:C12, C12, $E$4:E12, "Khách mời", $H$4:H12, "Có"), 0) -> 0 | J12: Không | K12: =IF(H12="Có", IF(E12<>"Khách mời", 50000, IF(I12<=5, 50000, IF(J12="Có", 50000, 0))), 0) -> 50000 | L12: =IF(AND(H12="Có", E12="Khách mời", I12>5, J12<>"Có"), 50000, 0) -> 0 | M12: =IF(E12="MC", 200000/COUNTIFS($A$4:$A$103, A12, $E$4:$E$103, "MC"), IF(E12="Phụng sự", 300000/COUNTIFS($A$4:$A$103, A12, $E$4:$E$103, "Phụng sự"), IF(E12="Thuyết trình", 300000/COUNTIFS($A$4:$A$103, A12, $E$4:$E$103, "Thuyết trình"), IF(E12="Chốt sự kiện", 300000/COUNTIFS($A$4:$A$103, A12, $E$4:$E$103, "Chốt sự kiện"), 0)))) -> 200000
A13: ST002 | B13: 46242 | C13: 0912345672 | D13: Lê Minh Anh | E13: Thuyết trình | H13: Có | I13: =IF(AND(E13="Khách mời", H13="Có"), COUNTIFS($C$4:C13, C13, $E$4:E13, "Khách mời", $H$4:H13, "Có"), 0) -> 0 | J13: Không | K13: =IF(H13="Có", IF(E13<>"Khách mời", 50000, IF(I13<=5, 50000, IF(J13="Có", 50000, 0))), 0) -> 50000 | L13: =IF(AND(H13="Có", E13="Khách mời", I13>5, J13<>"Có"), 50000, 0) -> 0 | M13: =IF(E13="MC", 200000/COUNTIFS($A$4:$A$103, A13, $E$4:$E$103, "MC"), IF(E13="Phụng sự", 300000/COUNTIFS($A$4:$A$103, A13, $E$4:$E$103, "Phụng sự"), IF(E13="Thuyết trình", 300000/COUNTIFS($A$4:$A$103, A13, $E$4:$E$103, "Thuyết trình"), IF(E13="Chốt sự kiện", 300000/COUNTIFS($A$4:$A$103, A13, $E$4:$E$103, "Chốt sự kiện"), 0)))) -> 300000
A14: ST002 | B14: 46242 | C14: 0912345673 | D14: Trần Thị Vân | E14: Chốt sự kiện | H14: Có | I14: =IF(AND(E14="Khách mời", H14="Có"), COUNTIFS($C$4:C14, C14, $E$4:E14, "Khách mời", $H$4:H14, "Có"), 0) -> 0 | J14: Không | K14: =IF(H14="Có", IF(E14<>"Khách mời", 50000, IF(I14<=5, 50000, IF(J14="Có", 50000, 0))), 0) -> 50000 | L14: =IF(AND(H14="Có", E14="Khách mời", I14>5, J14<>"Có"), 50000, 0) -> 0 | M14: =IF(E14="MC", 200000/COUNTIFS($A$4:$A$103, A14, $E$4:$E$103, "MC"), IF(E14="Phụng sự", 300000/COUNTIFS($A$4:$A$103, A14, $E$4:$E$103, "Phụng sự"), IF(E14="Thuyết trình", 300000/COUNTIFS($A$4:$A$103, A14, $E$4:$E$103, "Thuyết trình"), IF(E14="Chốt sự kiện", 300000/COUNTIFS($A$4:$A$103, A14, $E$4:$E$103, "Chốt sự kiện"), 0)))) -> 300000
A15: ST002 | B15: 46242 | C15: 0912345674 | D15: Bùi Minh Đức | E15: Phụng sự | H15: Có | I15: =IF(AND(E15="Khách mời", H15="Có"), COUNTIFS($C$4:C15, C15, $E$4:E15, "Khách mời", $H$4:H15, "Có"), 0) -> 0 | J15: Không | K15: =IF(H15="Có", IF(E15<>"Khách mời", 50000, IF(I15<=5, 50000, IF(J15="Có", 50000, 0))), 0) -> 50000 | L15: =IF(AND(H15="Có", E15="Khách mời", I15>5, J15<>"Có"), 50000, 0) -> 0 | M15: =IF(E15="MC", 200000/COUNTIFS($A$4:$A$103, A15, $E$4:$E$103, "MC"), IF(E15="Phụng sự", 300000/COUNTIFS($A$4:$A$103, A15, $E$4:$E$103, "Phụng sự"), IF(E15="Thuyết trình", 300000/COUNTIFS($A$4:$A$103, A15, $E$4:$E$103, "Thuyết trình"), IF(E15="Chốt sự kiện", 300000/COUNTIFS($A$4:$A$103, A15, $E$4:$E$103, "Chốt sự kiện"), 0)))) -> 300000
A16: ST002 | B16: 46242 | C16: 0987654321 | D16: Khách mời Chu Văn Hội | E16: Khách mời | F16: 0912345671 | G16: Nguyễn Văn Hoàng | H16: Có | I16: =IF(AND(E16="Khách mời", H16="Có"), COUNTIFS($C$4:C16, C16, $E$4:E16, "Khách mời", $H$4:H16, "Có"), 0) -> 2 | J16: Không | K16: =IF(H16="Có", IF(E16<>"Khách mời", 50000, IF(I16<=5, 50000, IF(J16="Có", 50000, 0))), 0) -> 50000 | L16: =IF(AND(H16="Có", E16="Khách mời", I16>5, J16<>"Có"), 50000, 0) -> 0 | M16: =IF(E16="MC", 200000/COUNTIFS($A$4:$A$103, A16, $E$4:$E$103, "MC"), IF(E16="Phụng sự", 300000/COUNTIFS($A$4:$A$103, A16, $E$4:$E$103, "Phụng sự"), IF(E16="Thuyết trình", 300000/COUNTIFS($A$4:$A$103, A16, $E$4:$E$103, "Thuyết trình"), IF(E16="Chốt sự kiện", 300000/COUNTIFS($A$4:$A$103, A16, $E$4:$E$103, "Chốt sự kiện"), 0)))) -> 0
A17: ST002 | B17: 46242 | C17: 0987654322 | D17: Khách mời Nguyễn Thị Kim | E17: Khách mời | F17: 0912345672 | G17: Lê Minh Anh | H17: Có | I17: =IF(AND(E17="Khách mời", H17="Có"), COUNTIFS($C$4:C17, C17, $E$4:E17, "Khách mời", $H$4:H17, "Có"), 0) -> 2 | J17: Không | K17: =IF(H17="Có", IF(E17<>"Khách mời", 50000, IF(I17<=5, 50000, IF(J17="Có", 50000, 0))), 0) -> 50000 | L17: =IF(AND(H17="Có", E17="Khách mời", I17>5, J17<>"Có"), 50000, 0) -> 0 | M17: =IF(E17="MC", 200000/COUNTIFS($A$4:$A$103, A17, $E$4:$E$103, "MC"), IF(E17="Phụng sự", 300000/COUNTIFS($A$4:$A$103, A17, $E$4:$E$103, "Phụng sự"), IF(E17="Thuyết trình", 300000/COUNTIFS($A$4:$A$103, A17, $E$4:$E$103, "Thuyết trình"), IF(E17="Chốt sự kiện", 300000/COUNTIFS($A$4:$A$103, A17, $E$4:$E$103, "Chốt sự kiện"), 0)))) -> 0
A18: ST002 | B18: 46242 | C18: 0987654324 | D18: Khách mời Hoàng Văn Nam | E18: Khách mời | F18: 0912345672 | G18: Lê Minh Anh | H18: Có | I18: =IF(AND(E18="Khách mời", H18="Có"), COUNTIFS($C$4:C18, C18, $E$4:E18, "Khách mời", $H$4:H18, "Có"), 0) -> 1 | J18: Không | K18: =IF(H18="Có", IF(E18<>"Khách mời", 50000, IF(I18<=5, 50000, IF(J18="Có", 50000, 0))), 0) -> 50000 | L18: =IF(AND(H18="Có", E18="Khách mời", I18>5, J18<>"Có"), 50000, 0) -> 0 | M18: =IF(E18="MC", 200000/COUNTIFS($A$4:$A$103, A18, $E$4:$E$103, "MC"), IF(E18="Phụng sự", 300000/COUNTIFS($A$4:$A$103, A18, $E$4:$E$103, "Phụng sự"), IF(E18="Thuyết trình", 300000/COUNTIFS($A$4:$A$103, A18, $E$4:$E$103, "Thuyết trình"), IF(E18="Chốt sự kiện", 300000/COUNTIFS($A$4:$A$103, A18, $E$4:$E$103, "Chốt sự kiện"), 0)))) -> 0
A19: ST003 | B19: 46249 | C19: 0912345671 | D19: Nguyễn Văn Hoàng | E19: MC | H19: Có | I19: =IF(AND(E19="Khách mời", H19="Có"), COUNTIFS($C$4:C19, C19, $E$4:E19, "Khách mời", $H$4:H19, "Có"), 0) -> 0 | J19: Không | K19: =IF(H19="Có", IF(E19<>"Khách mời", 50000, IF(I19<=5, 50000, IF(J19="Có", 50000, 0))), 0) -> 50000 | L19: =IF(AND(H19="Có", E19="Khách mời", I19>5, J19<>"Có"), 50000, 0) -> 0 | M19: =IF(E19="MC", 200000/COUNTIFS($A$4:$A$103, A19, $E$4:$E$103, "MC"), IF(E19="Phụng sự", 300000/COUNTIFS($A$4:$A$103, A19, $E$4:$E$103, "Phụng sự"), IF(E19="Thuyết trình", 300000/COUNTIFS($A$4:$A$103, A19, $E$4:$E$103, "Thuyết trình"), IF(E19="Chốt sự kiện", 300000/COUNTIFS($A$4:$A$103, A19, $E$4:$E$103, "Chốt sự kiện"), 0)))) -> 200000
A20: ST003 | B20: 46249 | C20: 0912345675 | D20: Ngô Thanh Hải | E20: Thuyết trình | H20: Có | I20: =IF(AND(E20="Khách mời", H20="Có"), COUNTIFS($C$4:C20, C20, $E$4:E20, "Khách mời", $H$4:H20, "Có"), 0) -> 0 | J20: Không | K20: =IF(H20="Có", IF(E20<>"Khách mời", 50000, IF(I20<=5, 50000, IF(J20="Có", 50000, 0))), 0) -> 50000 | L20: =IF(AND(H20="Có", E20="Khách mời", I20>5, J20<>"Có"), 50000, 0) -> 0 | M20: =IF(E20="MC", 200000/COUNTIFS($A$4:$A$103, A20, $E$4:$E$103, "MC"), IF(E20="Phụng sự", 300000/COUNTIFS($A$4:$A$103, A20, $E$4:$E$103, "Phụng sự"), IF(E20="Thuyết trình", 300000/COUNTIFS($A$4:$A$103, A20, $E$4:$E$103, "Thuyết trình"), IF(E20="Chốt sự kiện", 300000/COUNTIFS($A$4:$A$103, A20, $E$4:$E$103, "Chốt sự kiện"), 0)))) -> 300000
A21: ST003 | B21: 46249 | C21: 0987654321 | D21: Khách mời Chu Văn Hội | E21: Khách mời | F21: 0912345671 | G21: Nguyễn Văn Hoàng | H21: Có | I21: =IF(AND(E21="Khách mời", H21="Có"), COUNTIFS($C$4:C21, C21, $E$4:E21, "Khách mời", $H$4:H21, "Có"), 0) -> 3 | J21: Không | K21: =IF(H21="Có", IF(E21<>"Khách mời", 50000, IF(I21<=5, 50000, IF(J21="Có", 50000, 0))), 0) -> 50000 | L21: =IF(AND(H21="Có", E21="Khách mời", I21>5, J21<>"Có"), 50000, 0) -> 0 | M21: =IF(E21="MC", 200000/COUNTIFS($A$4:$A$103, A21, $E$4:$E$103, "MC"), IF(E21="Phụng sự", 300000/COUNTIFS($A$4:$A$103, A21, $E$4:$E$103, "Phụng sự"), IF(E21="Thuyết trình", 300000/COUNTIFS($A$4:$A$103, A21, $E$4:$E$103, "Thuyết trình"), IF(E21="Chốt sự kiện", 300000/COUNTIFS($A$4:$A$103, A21, $E$4:$E$103, "Chốt sự kiện"), 0)))) -> 0
A22: ST003 | B22: 46249 | C22: 0987654322 | D22: Khách mời Nguyễn Thị Kim | E22: Khách mời | F22: 0912345672 | G22: Lê Minh Anh | H22: Có | I22: =IF(AND(E22="Khách mời", H22="Có"), COUNTIFS($C$4:C22, C22, $E$4:E22, "Khách mời", $H$4:H22, "Có"), 0) -> 3 | J22: Không | K22: =IF(H22="Có", IF(E22<>"Khách mời", 50000, IF(I22<=5, 50000, IF(J22="Có", 50000, 0))), 0) -> 50000 | L22: =IF(AND(H22="Có", E22="Khách mời", I22>5, J22<>"Có"), 50000, 0) -> 0 | M22: =IF(E22="MC", 200000/COUNTIFS($A$4:$A$103, A22, $E$4:$E$103, "MC"), IF(E22="Phụng sự", 300000/COUNTIFS($A$4:$A$103, A22, $E$4:$E$103, "Phụng sự"), IF(E22="Thuyết trình", 300000/COUNTIFS($A$4:$A$103, A22, $E$4:$E$103, "Thuyết trình"), IF(E22="Chốt sự kiện", 300000/COUNTIFS($A$4:$A$103, A22, $E$4:$E$103, "Chốt sự kiện"), 0)))) -> 0
A23: ST003 | B23: 46249 | C23: 0987654325 | D23: Khách mời Trịnh Công Sơn | E23: Khách mời | F23: 0912345671 | G23: Nguyễn Văn Hoàng | H23: Có | I23: =IF(AND(E23="Khách mời", H23="Có"), COUNTIFS($C$4:C23, C23, $E$4:E23, "Khách mời", $H$4:H23, "Có"), 0) -> 1 | J23: Không | K23: =IF(H23="Có", IF(E23<>"Khách mời", 50000, IF(I23<=5, 50000, IF(J23="Có", 50000, 0))), 0) -> 50000 | L23: =IF(AND(H23="Có", E23="Khách mời", I23>5, J23<>"Có"), 50000, 0) -> 0 | M23: =IF(E23="MC", 200000/COUNTIFS($A$4:$A$103, A23, $E$4:$E$103, "MC"), IF(E23="Phụng sự", 300000/COUNTIFS($A$4:$A$103, A23, $E$4:$E$103, "Phụng sự"), IF(E23="Thuyết trình", 300000/COUNTIFS($A$4:$A$103, A23, $E$4:$E$103, "Thuyết trình"), IF(E23="Chốt sự kiện", 300000/COUNTIFS($A$4:$A$103, A23, $E$4:$E$103, "Chốt sự kiện"), 0)))) -> 0
A24: ST003 | B24: 46249 | C24: 0912345672 | D24: Lê Minh Anh | E24: Chốt sự kiện | H24: Có | I24: =IF(AND(E24="Khách mời", H24="Có"), COUNTIFS($C$4:C24, C24, $E$4:E24, "Khách mời", $H$4:H24, "Có"), 0) -> 0 | J24: Không | K24: =IF(H24="Có", IF(E24<>"Khách mời", 50000, IF(I24<=5, 50000, IF(J24="Có", 50000, 0))), 0) -> 50000 | L24: =IF(AND(H24="Có", E24="Khách mời", I24>5, J24<>"Có"), 50000, 0) -> 0 | M24: =IF(E24="MC", 200000/COUNTIFS($A$4:$A$103, A24, $E$4:$E$103, "MC"), IF(E24="Phụng sự", 300000/COUNTIFS($A$4:$A$103, A24, $E$4:$E$103, "Phụng sự"), IF(E24="Thuyết trình", 300000/COUNTIFS($A$4:$A$103, A24, $E$4:$E$103, "Thuyết trình"), IF(E24="Chốt sự kiện", 300000/COUNTIFS($A$4:$A$103, A24, $E$4:$E$103, "Chốt sự kiện"), 0)))) -> 300000
M25: =IF(E25="MC", 200000/COUNTIFS($A$4:$A$103, A25, $E$4:$E$103, "MC"), IF(E25="Phụng sự", 300000/COUNTIFS($A$4:$A$103, A25, $E$4:$E$103, "Phụng sự"), IF(E25="Thuyết trình", 300000/COUNTIFS($A$4:$A$103, A25, $E$4:$E$103, "Thuyết trình"), IF(E25="Chốt sự kiện", 300000/COUNTIFS($A$4:$A$103, A25, $E$4:$E$103, "Chốt sự kiện"), 0)))) -> 0
M26: =IF(E26="MC", 200000/COUNTIFS($A$4:$A$103, A26, $E$4:$E$103, "MC"), IF(E26="Phụng sự", 300000/COUNTIFS($A$4:$A$103, A26, $E$4:$E$103, "Phụng sự"), IF(E26="Thuyết trình", 300000/COUNTIFS($A$4:$A$103, A26, $E$4:$E$103, "Thuyết trình"), IF(E26="Chốt sự kiện", 300000/COUNTIFS($A$4:$A$103, A26, $E$4:$E$103, "Chốt sự kiện"), 0)))) -> 0
M27: =IF(E27="MC", 200000/COUNTIFS($A$4:$A$103, A27, $E$4:$E$103, "MC"), IF(E27="Phụng sự", 300000/COUNTIFS($A$4:$A$103, A27, $E$4:$E$103, "Phụng sự"), IF(E27="Thuyết trình", 300000/COUNTIFS($A$4:$A$103, A27, $E$4:$E$103, "Thuyết trình"), IF(E27="Chốt sự kiện", 300000/COUNTIFS($A$4:$A$103, A27, $E$4:$E$103, "Chốt sự kiện"), 0)))) -> 0
M28: =IF(E28="MC", 200000/COUNTIFS($A$4:$A$103, A28, $E$4:$E$103, "MC"), IF(E28="Phụng sự", 300000/COUNTIFS($A$4:$A$103, A28, $E$4:$E$103, "Phụng sự"), IF(E28="Thuyết trình", 300000/COUNTIFS($A$4:$A$103, A28, $E$4:$E$103, "Thuyết trình"), IF(E28="Chốt sự kiện", 300000/COUNTIFS($A$4:$A$103, A28, $E$4:$E$103, "Chốt sự kiện"), 0)))) -> 0
M29: =IF(E29="MC", 200000/COUNTIFS($A$4:$A$103, A29, $E$4:$E$103, "MC"), IF(E29="Phụng sự", 300000/COUNTIFS($A$4:$A$103, A29, $E$4:$E$103, "Phụng sự"), IF(E29="Thuyết trình", 300000/COUNTIFS($A$4:$A$103, A29, $E$4:$E$103, "Thuyết trình"), IF(E29="Chốt sự kiện", 300000/COUNTIFS($A$4:$A$103, A29, $E$4:$E$103, "Chốt sự kiện"), 0)))) -> 0
M30: =IF(E30="MC", 200000/COUNTIFS($A$4:$A$103, A30, $E$4:$E$103, "MC"), IF(E30="Phụng sự", 300000/COUNTIFS($A$4:$A$103, A30, $E$4:$E$103, "Phụng sự"), IF(E30="Thuyết trình", 300000/COUNTIFS($A$4:$A$103, A30, $E$4:$E$103, "Thuyết trình"), IF(E30="Chốt sự kiện", 300000/COUNTIFS($A$4:$A$103, A30, $E$4:$E$103, "Chốt sự kiện"), 0)))) -> 0
M31: =IF(E31="MC", 200000/COUNTIFS($A$4:$A$103, A31, $E$4:$E$103, "MC"), IF(E31="Phụng sự", 300000/COUNTIFS($A$4:$A$103, A31, $E$4:$E$103, "Phụng sự"), IF(E31="Thuyết trình", 300000/COUNTIFS($A$4:$A$103, A31, $E$4:$E$103, "Thuyết trình"), IF(E31="Chốt sự kiện", 300000/COUNTIFS($A$4:$A$103, A31, $E$4:$E$103, "Chốt sự kiện"), 0)))) -> 0
M32: =IF(E32="MC", 200000/COUNTIFS($A$4:$A$103, A32, $E$4:$E$103, "MC"), IF(E32="Phụng sự", 300000/COUNTIFS($A$4:$A$103, A32, $E$4:$E$103, "Phụng sự"), IF(E32="Thuyết trình", 300000/COUNTIFS($A$4:$A$103, A32, $E$4:$E$103, "Thuyết trình"), IF(E32="Chốt sự kiện", 300000/COUNTIFS($A$4:$A$103, A32, $E$4:$E$103, "Chốt sự kiện"), 0)))) -> 0
M33: =IF(E33="MC", 200000/COUNTIFS($A$4:$A$103, A33, $E$4:$E$103, "MC"), IF(E33="Phụng sự", 300000/COUNTIFS($A$4:$A$103, A33, $E$4:$E$103, "Phụng sự"), IF(E33="Thuyết trình", 300000/COUNTIFS($A$4:$A$103, A33, $E$4:$E$103, "Thuyết trình"), IF(E33="Chốt sự kiện", 300000/COUNTIFS($A$4:$A$103, A33, $E$4:$E$103, "Chốt sự kiện"), 0)))) -> 0
M34: =IF(E34="MC", 200000/COUNTIFS($A$4:$A$103, A34, $E$4:$E$103, "MC"), IF(E34="Phụng sự", 300000/COUNTIFS($A$4:$A$103, A34, $E$4:$E$103, "Phụng sự"), IF(E34="Thuyết trình", 300000/COUNTIFS($A$4:$A$103, A34, $E$4:$E$103, "Thuyết trình"), IF(E34="Chốt sự kiện", 300000/COUNTIFS($A$4:$A$103, A34, $E$4:$E$103, "Chốt sự kiện"), 0)))) -> 0
M35: =IF(E35="MC", 200000/COUNTIFS($A$4:$A$103, A35, $E$4:$E$103, "MC"), IF(E35="Phụng sự", 300000/COUNTIFS($A$4:$A$103, A35, $E$4:$E$103, "Phụng sự"), IF(E35="Thuyết trình", 300000/COUNTIFS($A$4:$A$103, A35, $E$4:$E$103, "Thuyết trình"), IF(E35="Chốt sự kiện", 300000/COUNTIFS($A$4:$A$103, A35, $E$4:$E$103, "Chốt sự kiện"), 0)))) -> 0
M36: =IF(E36="MC", 200000/COUNTIFS($A$4:$A$103, A36, $E$4:$E$103, "MC"), IF(E36="Phụng sự", 300000/COUNTIFS($A$4:$A$103, A36, $E$4:$E$103, "Phụng sự"), IF(E36="Thuyết trình", 300000/COUNTIFS($A$4:$A$103, A36, $E$4:$E$103, "Thuyết trình"), IF(E36="Chốt sự kiện", 300000/COUNTIFS($A$4:$A$103, A36, $E$4:$E$103, "Chốt sự kiện"), 0)))) -> 0
... M103: =IF(E103="MC", 200000/COUNTIFS($A$4:$A$103, A103, $E$4:$E$103, "MC"), IF(E103="Phụng sự", 300000/COUNTIFS($A$4:$A$103, A103, $E$4:$E$103, "Phụng sự"), IF(E103="Thuyết trình", 300000/COUNTIFS($A$4:$A$103, A103, $E$4:$E$103, "Thuyết trình"), IF(E103="Chốt sự kiện", 300000/COUNTIFS($A$4:$A$103, A103, $E$4:$E$103, "Chốt sự kiện"), 0)))) -> 0

Sheet 5. Nhật ký Hợp đồng
A1: QUẢN LÝ DOANH SỐ CHỐT & HOA HỒNG HAI TẦNG CHUYÊN NGHIỆP
A3: Mã Hợp đồng | B3: Ngày ký | C3: Tên Khách hàng | D3: Giá trị hợp đồng (VND) | E3: Người chốt hợp đồng (Mã TV) | F3: Họ tên Người chốt | G3: Người giới thiệu (Mã TV) | H3: Họ tên Người giới thiệu | I3: Người hỗ trợ (Mã TV) | J3: Họ tên Người hỗ trợ | K3: Thù lao Người chốt (6%) (VND) | L3: Thù lao Người giới thiệu (1%) (VND) | M3: Thù lao Người hỗ trợ (0.5%) (VND) | N3: Trạng thái | O3: Link File Hợp đồng | Q3: PHÂN TÍCH PHÂN BỔ NGÂN SÁCH HỢP ĐỒNG (15%)
A4: HD001 | B4: 46237 | C4: Bác Nguyễn Văn Hải (Sở hữu) | D4: 50000000 | E4: 0912345671 | F4: Nguyễn Văn Hoàng | G4: 0912345672 | H4: Lê Minh Anh | I4: 0912345673 | J4: Trần Thị Vân | K4: =D4*0.06 -> 3000000 | L4: =D4*0.01 -> 500000 | M4: =D4*0.005 -> 250000 | N4: Đã duyệt | O4: https://drive.google.com/file/d/HD001/view | Q4: Tên Quỹ / Bộ phận | R4: Tỷ lệ (%) | S4: Thêm từ Chốt HĐ (VND) | T4: Đã thực chi thực tế (VND) | U4: Tổng tồn quỹ sau cộng (VND)
A5: HD002 | B5: 46244 | C5: Cô Phạm Thị Liên | D5: 100000000 | E5: 0912345672 | F5: Lê Minh Anh | G5: 0912345671 | H5: Nguyễn Văn Hoàng | I5: 0912345673 | J5: Trần Thị Vân | K5: =D5*0.06 -> 6000000 | L5: =D5*0.01 -> 1000000 | M5: =D5*0.005 -> 500000 | N5: Đã duyệt | O5: https://drive.google.com/file/d/HD002/view | Q5: Sale trực tiếp - Pro sale (Nguồn khách) | R5: 0.06 | S5: =$D$8*R5 -> 30000000 | T5: =SUMIFS('5. Nhật ký Hợp đồng'!K$4:K$103, '5. Nhật ký Hợp đồng'!N$4:N$103, "Đã duyệt") + SUMIFS('6. Nhật ký Thu chi'!P$4:P$103, '6. Nhật ký Thu chi'!C$4:C$103, Q5, '6. Nhật ký Thu chi'!M$4:M$103, "Đã duyệt") -> 30000000 | U5: ='1. Phân bổ Ngân sách'!H10 -> 300000000
A6: HD003 | B6: 46249 | C6: Chú Ngô Quốc Huy | D6: 150000000 | E6: 0912345671 | F6: Nguyễn Văn Hoàng | G6: 0912345672 | H6: Lê Minh Anh | I6: 0912345674 | J6: Bùi Minh Đức | K6: =D6*0.06 -> 9000000 | L6: =D6*0.01 -> 1500000 | M6: =D6*0.005 -> 750000 | N6: Đã duyệt | O6: https://drive.google.com/file/d/HD003/view | Q6: Tri ân kết nối sale trực tiếp | R6: 0.01 | S6: =$D$8*R6 -> 5000000 | T6: =SUMIFS('5. Nhật ký Hợp đồng'!L$4:L$103, '5. Nhật ký Hợp đồng'!N$4:N$103, "Đã duyệt") + SUMIFS('6. Nhật ký Thu chi'!P$4:P$103, '6. Nhật ký Thu chi'!C$4:C$103, Q6, '6. Nhật ký Thu chi'!M$4:M$103, "Đã duyệt") -> 5000000 | U6: ='1. Phân bổ Ngân sách'!H11 -> 50000000
A7: HD004 | B7: 46254 | C7: Anh Lâm Minh Triết | D7: 200000000 | E7: 0912345679 | F7: Phạm Văn An | G7: 0912345672 | H7: Lê Minh Anh | I7: 0912345673 | J7: Trần Thị Vân | K7: =D7*0.06 -> 12000000 | L7: =D7*0.01 -> 2000000 | M7: =D7*0.005 -> 1000000 | N7: Đã duyệt | O7: https://drive.google.com/file/d/HD004/view | Q7: Tri ân hỗ trợ sale | R7: 0.005 | S7: =$D$8*R7 -> 2500000 | T7: =SUMIFS('5. Nhật ký Hợp đồng'!M$4:M$103, '5. Nhật ký Hợp đồng'!N$4:N$103, "Đã duyệt") + SUMIFS('6. Nhật ký Thu chi'!P$4:P$103, '6. Nhật ký Thu chi'!C$4:C$103, Q7, '6. Nhật ký Thu chi'!M$4:M$103, "Đã duyệt") -> 2500000 | U7: ='1. Phân bổ Ngân sách'!H12 -> 25000000
A8: TỔNG CỘNG | D8: =SUM(D4:D7) -> 500000000 | K8: =SUM(K4:K7) -> 30000000 | L8: =SUM(L4:L7) -> 5000000 | M8: =SUM(M4:M7) -> 2500000 | Q8: Quỹ Sự kiện & Chốt hợp đồng | R8: 0.005 | S8: =$D$8*R8 -> 2500000 | T8: =SUMIFS('3. Nhật ký Sự kiện'!I$4:I$103, '3. Nhật ký Sự kiện'!L$4:L$103, "Đã hoàn thành") + SUMIFS('6. Nhật ký Thu chi'!P$4:P$103, '6. Nhật ký Thu chi'!C$4:C$103, Q8, '6. Nhật ký Thu chi'!M$4:M$103, "Đã duyệt") -> 3000000 | U8: ='1. Phân bổ Ngân sách'!H13 -> 24500000
Q9: Quỹ Chăm sóc khách hàng | R9: 0.002 | S9: =$D$8*R9 -> 1000000 | T9: =SUMIFS('6. Nhật ký Thu chi'!P$4:P$103, '6. Nhật ký Thu chi'!C$4:C$103, Q9, '6. Nhật ký Thu chi'!M$4:M$103, "Đã duyệt") -> 3000000 | U9: ='1. Phân bổ Ngân sách'!H14 -> 8000000
Q10: Quỹ Đào tạo Chuyên môn & Kỹ năng | R10: 0.003 | S10: =$D$8*R10 -> 1500000 | T10: =SUMIFS('7. Nhật ký Đào tạo'!L$4:L$103, '7. Nhật ký Đào tạo'!K$4:K$103, "Đã duyệt") + SUMIFS('6. Nhật ký Thu chi'!P$4:P$103, '6. Nhật ký Thu chi'!C$4:C$103, Q10, '6. Nhật ký Thu chi'!M$4:M$103, "Đã duyệt") -> 16000000 | U10: ='1. Phân bổ Ngân sách'!H15 -> 500000
Q11: Quỹ Thi đua & Chương trình thúc đẩy | R11: 0.008 | S11: =$D$8*R11 -> 4000000 | T11: =SUMIFS('6. Nhật ký Thu chi'!P$4:P$103, '6. Nhật ký Thu chi'!C$4:C$103, Q11, '6. Nhật ký Thu chi'!M$4:M$103, "Đã duyệt") -> 10000000 | U11: ='1. Phân bổ Ngân sách'!H16 -> 34000000
Q12: Chi phí Công tác phí | R12: 0.003 | S12: =$D$8*R12 -> 1500000 | T12: =SUMIFS('6. Nhật ký Thu chi'!P$4:P$103, '6. Nhật ký Thu chi'!C$4:C$103, Q12, '6. Nhật ký Thu chi'!M$4:M$103, "Đã duyệt") -> 1500000 | U12: ='1. Phân bổ Ngân sách'!H17 -> 15000000
Q13: Leader team - giám đốc Kd | R13: 0.029 | S13: =$D$8*R13 -> 14500000 | T13: =SUMIFS('6. Nhật ký Thu chi'!P$4:P$103, '6. Nhật ký Thu chi'!C$4:C$103, Q13, '6. Nhật ký Thu chi'!M4:M103, "Đã duyệt") -> 0 | U13: ='1. Phân bổ Ngân sách'!H19 -> 159500000
Q14: Quỹ Vận hành & Bộ phận hỗ trợ | R14: 0.025 | S14: =$D$8*R14 -> 12500000 | T14: =SUMIFS('6. Nhật ký Thu chi'!P$4:P$103, '6. Nhật ký Thu chi'!C$4:C$103, Q14, '6. Nhật ký Thu chi'!M$4:M$103, "Đã duyệt") -> 0 | U14: ='1. Phân bổ Ngân sách'!H18 -> 282500000
Q15: TỔNG NGÂN SÁCH (15%) | R15: =SUM(R5:R14) -> 0.15 | S15: =SUM(S5:S14) -> 75000000 | T15: =SUM(T5:T14) -> 71000000 | U15: =SUM(U5:U14) -> 899000000

Sheet 6. Nhật ký Thu chi
A1: CỔNG QUẢN LÝ PHÊ DUYỆT ĐỀ XUẤT CHI QUỸ & LỊCH SỬ THU CHI
A3: Mã Phiếu YC | B3: Ngày đề xuất | C3: Quỹ trích chi (Nguồn quỹ) | D3: Nội dung chi tiết | E3: Người đề xuất (Mã TV) | F3: Họ tên Người đề xuất | G3: Người duyệt chi (Mã TV) | H3: Họ tên Người duyệt | I3: Người thụ hưởng (Mã TV/Khách) | J3: Số tiền đề xuất (VND) | K3: Số dư khả dụng (VND) | L3: Cảnh báo tồn quỹ | M3: Trạng thái phê duyệt | N3: Thời điểm duyệt | O3: Thời điểm đi tiền | P3: Số tiền thực chi (VND) | Q3: Link chứng từ | S3: BẢNG THEO DÕI SỐ DƯ TỔNG TOÀN BỘ CÁC QUỸ
A4: YC001 | B4: 46239 | C4: Quỹ Chăm sóc khách hàng | D4: Chi mua quà tặng VIP Sinh nhật Khách hàng | E4: 0912345671 | F4: Nguyễn Văn Hoàng | G4: 0912345672 | H4: Lê Minh Anh | I4: Khách hàng VIP | J4: 3000000 | K4: =VLOOKUP(C4, '1. Phân bổ Ngân sách'!$A$10:$H$23, 8, FALSE) -> 8000000 | L4: =IF(J4>K4, "⚠️ VƯỢT QUÁ TỒN QUỸ", "🟢 AN TOÀN") -> 🟢 AN TOÀN | M4: Đã duyệt | N4: 2026-08-05 | O4: 2026-08-06 | P4: =IF(M4="Đã duyệt", J4, 0) -> 3000000 | Q4: https://drive.google.com/file/d/YC001_receipt/view | S4: Tên Quỹ | T4: Số dư khả dụng (VND) | U4: Trạng thái
A5: YC002 | B5: 46246 | C5: Chi phí Công tác phí | D5: Chi phí xăng xe, đi lại cho quản lý đi tỉnh | E5: 0912345673 | F5: Trần Thị Vân | G5: 0912345672 | H5: Lê Minh Anh | I5: Trần Thị Vân | J5: 1500000 | K5: =VLOOKUP(C5, '1. Phân bổ Ngân sách'!$A$10:$H$23, 8, FALSE) -> 15000000 | L5: =IF(J5>K5, "⚠️ VƯỢT QUÁ TỒN QUỸ", "🟢 AN TOÀN") -> 🟢 AN TOÀN | M5: Đã duyệt | N5: 2026-08-12 | O5: 2026-08-13 | P5: =IF(M5="Đã duyệt", J5, 0) -> 1500000 | Q5: https://drive.google.com/file/d/YC002_receipt/view | S5: ='1. Phân bổ Ngân sách'!A10 -> Sale trực tiếp - Pro sale (Nguồn khách) | T5: ='1. Phân bổ Ngân sách'!H10 -> 300000000 | U5: =IF(T5<0, "⚠️ HẾT QUỸ", "🟢 AN TOÀN") -> 🟢 AN TOÀN
A6: YC003 | B6: 46254 | C6: Quỹ Thi đua & Chương trình thúc đẩy | D6: Khen thưởng nóng doanh số tuần vàng | E6: 0912345671 | F6: Nguyễn Văn Hoàng | G6: 0912345672 | H6: Lê Minh Anh | I6: Lê Minh Anh | J6: 10000000 | K6: =VLOOKUP(C6, '1. Phân bổ Ngân sách'!$A$10:$H$23, 8, FALSE) -> 34000000 | L6: =IF(J6>K6, "⚠️ VƯỢT QUÁ TỒN QUỸ", "🟢 AN TOÀN") -> 🟢 AN TOÀN | M6: Đã duyệt | N6: 2026-08-20 | O6: 2026-08-21 | P6: =IF(M6="Đã duyệt", J6, 0) -> 10000000 | Q6: https://drive.google.com/file/d/YC003_receipt/view | S6: ='1. Phân bổ Ngân sách'!A11 -> Tri ân kết nối sale trực tiếp | T6: ='1. Phân bổ Ngân sách'!H11 -> 50000000 | U6: =IF(T6<0, "⚠️ HẾT QUỸ", "🟢 AN TOÀN") -> 🟢 AN TOÀN
A7: YC004 | B7: 46259 | C7: Quỹ Chăm sóc khách hàng | D7: Kinh phí khánh thành tổ chức tri ân VIP | E7: 0912345671 | F7: Nguyễn Văn Hoàng | G7: 0912345672 | H7: Lê Minh Anh | I7: Đơn vị Sự kiện | J7: 30000000 | K7: =VLOOKUP(C7, '1. Phân bổ Ngân sách'!$A$10:$H$23, 8, FALSE) -> 8000000 | L7: =IF(J7>K7, "⚠️ VƯỢT QUÁ TỒN QUỸ", "🟢 AN TOÀN") -> ⚠️ VƯỢT QUÁ TỒN QUỸ | M7: Chờ duyệt | P7: =IF(M7="Đã duyệt", J7, 0) -> 0 | S7: ='1. Phân bổ Ngân sách'!A12 -> Tri ân hỗ trợ sale | T7: ='1. Phân bổ Ngân sách'!H12 -> 25000000 | U7: =IF(T7<0, "⚠️ HẾT QUỸ", "🟢 AN TOÀN") -> 🟢 AN TOÀN
A8: YC005 | B8: 46260 | C8: Quỹ Chăm sóc khách hàng | D8: Kinh phí mua quà tặng trung thu cho khách hàng VIP | E8: 0912345671 | F8: Nguyễn Văn Hoàng | G8: 0912345672 | H8: Lê Minh Anh | I8: Khách hàng VIP | J8: 2500000 | K8: =VLOOKUP(C8, '1. Phân bổ Ngân sách'!$A$10:$H$23, 8, FALSE) -> 8000000 | L8: =IF(J8>K8, "⚠️ VƯỢT QUÁ TỒN QUỸ", "🟢 AN TOÀN") -> 🟢 AN TOÀN | M8: Chờ duyệt | P8: =IF(M8="Đã duyệt", J8, 0) -> 0 | S8: ='1. Phân bổ Ngân sách'!A13 -> Quỹ Sự kiện & Chốt hợp đồng | T8: ='1. Phân bổ Ngân sách'!H13 -> 24500000 | U8: =IF(T8<0, "⚠️ HẾT QUỸ", "🟢 AN TOÀN") -> 🟢 AN TOÀN
A9: YC006 | B9: 46260 | C9: Chi phí Công tác phí | D9: Yêu cầu chi phí xăng xe và công tác ngoại tỉnh Vĩnh Phúc | E9: 0912345674 | F9: Bùi Minh Đức | G9: 0912345672 | H9: Lê Minh Anh | I9: Bùi Minh Đức | J9: 15000000 | K9: =VLOOKUP(C9, '1. Phân bổ Ngân sách'!$A$10:$H$23, 8, FALSE) -> 15000000 | L9: =IF(J9>K9, "⚠️ VƯỢT QUÁ TỒN QUỸ", "🟢 AN TOÀN") -> 🟢 AN TOÀN | M9: Chờ duyệt | P9: =IF(M9="Đã duyệt", J9, 0) -> 0 | S9: ='1. Phân bổ Ngân sách'!A14 -> Quỹ Chăm sóc khách hàng | T9: ='1. Phân bổ Ngân sách'!H14 -> 8000000 | U9: =IF(T9<0, "⚠️ HẾT QUỸ", "🟢 AN TOÀN") -> 🟢 AN TOÀN
A10: YC007 | B10: 46261 | C10: Quỹ Sự kiện & Chốt hợp đồng | D10: Kinh phí đặt cọc thuê hội trường cho sự kiện tháng 9 | E10: 0912345671 | F10: Nguyễn Văn Hoàng | G10: 0912345672 | H10: Lê Minh Anh | I10: Khách sạn Mường Thanh | J10: 5000000 | K10: =VLOOKUP(C10, '1. Phân bổ Ngân sách'!$A$10:$H$23, 8, FALSE) -> 24500000 | L10: =IF(J10>K10, "⚠️ VƯỢT QUÁ TỒN QUỸ", "🟢 AN TOÀN") -> 🟢 AN TOÀN | M10: Chờ duyệt | P10: =IF(M10="Đã duyệt", J10, 0) -> 0 | S10: ='1. Phân bổ Ngân sách'!A15 -> Quỹ Đào tạo Chuyên môn & Kỹ năng | T10: ='1. Phân bổ Ngân sách'!H15 -> 500000 | U10: =IF(T10<0, "⚠️ HẾT QUỸ", "🟢 AN TOÀN") -> 🟢 AN TOÀN
A11: YC008 | B11: 46261 | C11: Quỹ Đào tạo Chuyên môn & Kỹ năng | D11: Chi phí mua sách và giáo trình đào tạo Thành viên mới | E11: 0912345673 | F11: Trần Thị Vân | G11: 0912345672 | H11: Lê Minh Anh | I11: Nhà sách Fahasa | J11: 1000000 | K11: =VLOOKUP(C11, '1. Phân bổ Ngân sách'!$A$10:$H$23, 8, FALSE) -> 500000 | L11: =IF(J11>K11, "⚠️ VƯỢT QUÁ TỒN QUỸ", "🟢 AN TOÀN") -> ⚠️ VƯỢT QUÁ TỒN QUỸ | M11: Chờ duyệt | P11: =IF(M11="Đã duyệt", J11, 0) -> 0 | S11: ='1. Phân bổ Ngân sách'!A16 -> Quỹ Thi đua & Chương trình thúc đẩy | T11: ='1. Phân bổ Ngân sách'!H16 -> 34000000 | U11: =IF(T11<0, "⚠️ HẾT QUỸ", "🟢 AN TOÀN") -> 🟢 AN TOÀN
A12: YC009 | B12: 46262 | C12: Quỹ Vận hành & Bộ phận hỗ trợ | D12: Yêu cầu mua sắm thiết bị văn phòng phẩm bổ sung kỳ II | E12: 0912345675 | F12: Ngô Thanh Hải | G12: 0912345672 | H12: Lê Minh Anh | I12: Nhà sách Hồng Hà | J12: 1800000 | K12: =VLOOKUP(C12, '1. Phân bổ Ngân sách'!$A$10:$H$23, 8, FALSE) -> 282500000 | L12: =IF(J12>K12, "⚠️ VƯỢT QUÁ TỒN QUỸ", "🟢 AN TOÀN") -> 🟢 AN TOÀN | M12: Chờ duyệt | P12: =IF(M12="Đã duyệt", J12, 0) -> 0 | S12: ='1. Phân bổ Ngân sách'!A17 -> Chi phí Công tác phí | T12: ='1. Phân bổ Ngân sách'!H17 -> 15000000 | U12: =IF(T12<0, "⚠️ HẾT QUỸ", "🟢 AN TOÀN") -> 🟢 AN TOÀN
A13: YC010 | B13: 46262 | C13: Leader team - giám đốc Kd | D13: Chi phí tiếp khách và gặp gỡ đối tác chiến lược | E13: 0912345671 | F13: Nguyễn Văn Hoàng | G13: 0912345672 | H13: Lê Minh Anh | I13: Nhà hàng Sen Tây Hồ | J13: 5000000 | K13: =VLOOKUP(C13, '1. Phân bổ Ngân sách'!$A$10:$H$23, 8, FALSE) -> 159500000 | L13: =IF(J13>K13, "⚠️ VƯỢT QUÁ TỒN QUỸ", "🟢 AN TOÀN") -> 🟢 AN TOÀN | M13: Chờ duyệt | P13: =IF(M13="Đã duyệt", J13, 0) -> 0 | S13: ='1. Phân bổ Ngân sách'!A19 -> Leader team - giám đốc Kd | T13: ='1. Phân bổ Ngân sách'!H19 -> 159500000 | U13: =IF(T13<0, "⚠️ HẾT QUỸ", "🟢 AN TOÀN") -> 🟢 AN TOÀN
A14: YC011 | B14: 46262 | C14: Quỹ Thi đua & Chương trình thúc đẩy | D14: Kinh phí chuẩn bị phần thưởng chiến dịch 'Tuần Vàng Doanh Số' | E14: 0912345671 | F14: Nguyễn Văn Hoàng | G14: 0912345672 | H14: Lê Minh Anh | I14: Thành viên đoạt giải | J14: 4000000 | K14: =VLOOKUP(C14, '1. Phân bổ Ngân sách'!$A$10:$H$23, 8, FALSE) -> 34000000 | L14: =IF(J14>K14, "⚠️ VƯỢT QUÁ TỒN QUỸ", "🟢 AN TOÀN") -> 🟢 AN TOÀN | M14: Chờ duyệt | P14: =IF(M14="Đã duyệt", J14, 0) -> 0 | S14: ='1. Phân bổ Ngân sách'!A18 -> Quỹ Vận hành & Bộ phận hỗ trợ | T14: ='1. Phân bổ Ngân sách'!H18 -> 282500000 | U14: =IF(T14<0, "⚠️ HẾT QUỸ", "🟢 AN TOÀN") -> 🟢 AN TOÀN
K15: =VLOOKUP(C15, '1. Phân bổ Ngân sách'!$A$10:$F$23, 6, FALSE()) -> #N/A | L15: =IF(J15>K15, "⚠️ VƯỢT QUÁ TỒN QUỸ", "🟢 AN TOÀN") -> #N/A | P15: =IF(M15="Đã duyệt", J15, 0) -> 0 | S15: TỔNG CỘNG SỐ DƯ CÁC QUỸ | T15: =SUM(T5:T14) -> 899000000 | U15: OK
K16: =VLOOKUP(C16, '1. Phân bổ Ngân sách'!$A$10:$F$23, 6, FALSE()) -> #N/A | L16: =IF(J16>K16, "⚠️ VƯỢT QUÁ TỒN QUỸ", "🟢 AN TOÀN") -> #N/A | P16: =IF(M16="Đã duyệt", J16, 0) -> 0
K17: =VLOOKUP(C17, '1. Phân bổ Ngân sách'!$A$10:$F$23, 6, FALSE()) -> #N/A | L17: =IF(J17>K17, "⚠️ VƯỢT QUÁ TỒN QUỸ", "🟢 AN TOÀN") -> #N/A | P17: =IF(M17="Đã duyệt", J17, 0) -> 0
K18: =VLOOKUP(C18, '1. Phân bổ Ngân sách'!$A$10:$F$23, 6, FALSE()) -> #N/A | L18: =IF(J18>K18, "⚠️ VƯỢT QUÁ TỒN QUỸ", "🟢 AN TOÀN") -> #N/A | P18: =IF(M18="Đã duyệt", J18, 0) -> 0
K19: =VLOOKUP(C19, '1. Phân bổ Ngân sách'!$A$10:$F$23, 6, FALSE()) -> #N/A | L19: =IF(J19>K19, "⚠️ VƯỢT QUÁ TỒN QUỸ", "🟢 AN TOÀN") -> #N/A | P19: =IF(M19="Đã duyệt", J19, 0) -> 0
K20: =VLOOKUP(C20, '1. Phân bổ Ngân sách'!$A$10:$F$23, 6, FALSE()) -> #N/A | L20: =IF(J20>K20, "⚠️ VƯỢT QUÁ TỒN QUỸ", "🟢 AN TOÀN") -> #N/A | P20: =IF(M20="Đã duyệt", J20, 0) -> 0
K21: =VLOOKUP(C21, '1. Phân bổ Ngân sách'!$A$10:$F$23, 6, FALSE()) -> #N/A | L21: =IF(J21>K21, "⚠️ VƯỢT QUÁ TỒN QUỸ", "🟢 AN TOÀN") -> #N/A | P21: =IF(M21="Đã duyệt", J21, 0) -> 0
K22: =VLOOKUP(C22, '1. Phân bổ Ngân sách'!$A$10:$F$23, 6, FALSE()) -> #N/A | L22: =IF(J22>K22, "⚠️ VƯỢT QUÁ TỒN QUỸ", "🟢 AN TOÀN") -> #N/A | P22: =IF(M22="Đã duyệt", J22, 0) -> 0
K23: =VLOOKUP(C23, '1. Phân bổ Ngân sách'!$A$10:$F$23, 6, FALSE()) -> #N/A | L23: =IF(J23>K23, "⚠️ VƯỢT QUÁ TỒN QUỸ", "🟢 AN TOÀN") -> #N/A | P23: =IF(M23="Đã duyệt", J23, 0) -> 0
K24: =VLOOKUP(C24, '1. Phân bổ Ngân sách'!$A$10:$F$23, 6, FALSE()) -> #N/A | L24: =IF(J24>K24, "⚠️ VƯỢT QUÁ TỒN QUỸ", "🟢 AN TOÀN") -> #N/A | P24: =IF(M24="Đã duyệt", J24, 0) -> 0
K25: =VLOOKUP(C25, '1. Phân bổ Ngân sách'!$A$10:$F$23, 6, FALSE()) -> #N/A | L25: =IF(J25>K25, "⚠️ VƯỢT QUÁ TỒN QUỸ", "🟢 AN TOÀN") -> #N/A | P25: =IF(M25="Đã duyệt", J25, 0) -> 0
K26: =VLOOKUP(C26, '1. Phân bổ Ngân sách'!$A$10:$F$23, 6, FALSE()) -> #N/A | L26: =IF(J26>K26, "⚠️ VƯỢT QUÁ TỒN QUỸ", "🟢 AN TOÀN") -> #N/A | P26: =IF(M26="Đã duyệt", J26, 0) -> 0
K27: =VLOOKUP(C27, '1. Phân bổ Ngân sách'!$A$10:$F$23, 6, FALSE()) -> #N/A | L27: =IF(J27>K27, "⚠️ VƯỢT QUÁ TỒN QUỸ", "🟢 AN TOÀN") -> #N/A | P27: =IF(M27="Đã duyệt", J27, 0) -> 0
... K103: =VLOOKUP(C103, '1. Phân bổ Ngân sách'!$A$10:$F$23, 6, FALSE()) -> #N/A | L103: =IF(J103>K103, "⚠️ VƯỢT QUÁ TỒN QUỸ", "🟢 AN TOÀN") -> #N/A | P103: =IF(M103="Đã duyệt", J103, 0) -> 0

Sheet 7. Nhật ký Đào tạo
A1: DANH SÁCH THAM GIA ĐÀO TẠO & PHÂN CHIA THÙ LAO THEO TOKEN BỂ CỐ ĐỊNH (DYNAMIC POOL SHARING)
O2: DANH MỤC BUỔI ĐÀO TẠO & NGÂN SÁCH CỐ ĐỊNH
A3: Mã Buổi học | B3: Mã Thành viên (SDT) | C3: Họ Tên người tham gia | D3: Vai trò đào tạo | E3: Hạng Token | F3: Số Token | G3: Ngân sách Buổi học (VND) | H3: Tổng Token Buổi | I3: Thù lao thực nhận (VND) | J3: Người duyệt chi | K3: Trạng thái | L3: Thực chi hợp lệ (VND) | M3: Ngày đào tạo | O3: Mã Buổi học | P3: Tên Buổi học | Q3: Ngày đào tạo | R3: Ngân sách (VND)
A4: TR001 | B4: 0912345671 | C4: Nguyễn Văn Hoàng | D4: Giảng viên | E4: Hạng A | F4: 10 | G4: =VLOOKUP(A4, $O$4:$R$100, 4, FALSE()) -> 3000000 | H4: =SUMIF($A$4:$A$100, A4, $F$4:$F$100) -> 18 | I4: =(G4/H4)*F4 -> 1666666.7 | J4: Tổng điều hành | K4: Đã duyệt | L4: =IF(K4="Đã duyệt", I4, 0) -> 1666666.7 | M4: =VLOOKUP(A4, $O$4:$R$100, 3, FALSE()) -> 46237 | O4: TR001 | P4: Kỹ năng tư vấn tài chính | Q4: 46237 | R4: 3000000
A5: TR001 | B5: 0912345672 | C5: Lê Minh Anh | D5: Trợ giảng | E5: Hạng B | F5: 5 | G5: =VLOOKUP(A5, $O$4:$R$100, 4, FALSE()) -> 3000000 | H5: =SUMIF($A$4:$A$100, A5, $F$4:$F$100) -> 18 | I5: =(G5/H5)*F5 -> 833333.33 | J5: Tổng điều hành | K5: Đã duyệt | L5: =IF(K5="Đã duyệt", I5, 0) -> 833333.33 | M5: =VLOOKUP(A5, $O$4:$R$100, 3, FALSE()) -> 46237 | O5: TR002 | P5: Nghiệp vụ chốt hợp đồng thực chiến | Q5: 46244 | R5: 8000000
A6: TR001 | B6: 0912345673 | C6: Trần Thị Vân | D6: Học viên xuất sắc | E6: Hạng C | F6: 3 | G6: =VLOOKUP(A6, $O$4:$R$100, 4, FALSE()) -> 3000000 | H6: =SUMIF($A$4:$A$100, A6, $F$4:$F$100) -> 18 | I6: =(G6/H6)*F6 -> 500000 | J6: Tổng điều hành | K6: Đã duyệt | L6: =IF(K6="Đã duyệt", I6, 0) -> 500000 | M6: =VLOOKUP(A6, $O$4:$R$100, 3, FALSE()) -> 46237 | O6: TR003 | P6: Đào tạo kỹ thuật công nghệ phần mềm mới | Q6: 46251 | R6: 5000000
A7: TR002 | B7: 0912345671 | C7: Nguyễn Văn Hoàng | D7: Giảng viên | E7: Hạng A | F7: 10 | G7: =VLOOKUP(A7, $O$4:$R$100, 4, FALSE()) -> 8000000 | H7: =SUMIF($A$4:$A$100, A7, $F$4:$F$100) -> 19 | I7: =(G7/H7)*F7 -> 4210526.3 | J7: Tổng điều hành | K7: Đã duyệt | L7: =IF(K7="Đã duyệt", I7, 0) -> 4210526.3 | M7: =VLOOKUP(A7, $O$4:$R$100, 3, FALSE()) -> 46244 | O7: TR004 | P7: Kỹ năng thuyết trình chuyên nghiệp | Q7: 46258 | R7: 4000000
A8: TR002 | B8: 0912345674 | C8: Bùi Minh Đức | D8: Trợ giảng | E8: Hạng B | F8: 5 | G8: =VLOOKUP(A8, $O$4:$R$100, 4, FALSE()) -> 8000000 | H8: =SUMIF($A$4:$A$100, A8, $F$4:$F$100) -> 19 | I8: =(G8/H8)*F8 -> 2105263.2 | J8: Tổng điều hành | K8: Đã duyệt | L8: =IF(K8="Đã duyệt", I8, 0) -> 2105263.2 | M8: =VLOOKUP(A8, $O$4:$R$100, 3, FALSE()) -> 46244 | O8: TR005 | P8: Kỹ năng quản lý đội nhóm hiệu quả | Q8: 46265 | R8: 5000000
A9: TR002 | B9: 0912345675 | C9: Ngô Thanh Hải | D9: Học viên xuất sắc | E9: Hạng C | F9: 3 | G9: =VLOOKUP(A9, $O$4:$R$100, 4, FALSE()) -> 8000000 | H9: =SUMIF($A$4:$A$100, A9, $F$4:$F$100) -> 19 | I9: =(G9/H9)*F9 -> 1263157.9 | J9: Tổng điều hành | K9: Đã duyệt | L9: =IF(K9="Đã duyệt", I9, 0) -> 1263157.9 | M9: =VLOOKUP(A9, $O$4:$R$100, 3, FALSE()) -> 46244 | O9: TỔNG CỘNG | R9: =SUM(R4:R8) -> 25000000
A10: TR002 | B10: 0912345673 | C10: Trần Thị Vân | D10: Học viên | E10: Hạng D | F10: 1 | G10: =VLOOKUP(A10, $O$4:$R$100, 4, FALSE()) -> 8000000 | H10: =SUMIF($A$4:$A$100, A10, $F$4:$F$100) -> 19 | I10: =(G10/H10)*F10 -> 421052.63 | J10: Tổng điều hành | K10: Đã duyệt | L10: =IF(K10="Đã duyệt", I10, 0) -> 421052.63 | M10: =VLOOKUP(A10, $O$4:$R$100, 3, FALSE()) -> 46244
A11: TR003 | B11: 0912345672 | C11: Lê Minh Anh | D11: Giảng viên | E11: Hạng B | F11: 5 | G11: =VLOOKUP(A11, $O$4:$R$100, 4, FALSE()) -> 5000000 | H11: =SUMIF($A$4:$A$100, A11, $F$4:$F$100) -> 9 | I11: =(G11/H11)*F11 -> 2777777.8 | J11: Tổng điều hành | K11: Đã duyệt | L11: =IF(K11="Đã duyệt", I11, 0) -> 2777777.8 | M11: =VLOOKUP(A11, $O$4:$R$100, 3, FALSE()) -> 46251
A12: TR003 | B12: 0912345671 | C12: Nguyễn Văn Hoàng | D12: Giảng viên | E12: Hạng C | F12: 3 | G12: =VLOOKUP(A12, $O$4:$R$100, 4, FALSE()) -> 5000000 | H12: =SUMIF($A$4:$A$100, A12, $F$4:$F$100) -> 9 | I12: =(G12/H12)*F12 -> 1666666.7 | J12: Tổng điều hành | K12: Đã duyệt | L12: =IF(K12="Đã duyệt", I12, 0) -> 1666666.7 | M12: =VLOOKUP(A12, $O$4:$R$100, 3, FALSE()) -> 46251
A13: TR003 | B13: 0912345675 | C13: Ngô Thanh Hải | D13: Học viên | E13: Hạng D | F13: 1 | G13: =VLOOKUP(A13, $O$4:$R$100, 4, FALSE()) -> 5000000 | H13: =SUMIF($A$4:$A$100, A13, $F$4:$F$100) -> 9 | I13: =(G13/H13)*F13 -> 555555.56 | J13: Tổng điều hành | K13: Đã duyệt | L13: =IF(K13="Đã duyệt", I13, 0) -> 555555.56 | M13: =VLOOKUP(A13, $O$4:$R$100, 3, FALSE()) -> 46251
